Serial_number:,,,,
2073011,,,,
Project ID:,,,,
,,,,
Location:,,,,
LL 4 XS 11 Site#3,,,,
LEVEL,,,,
UNIT: m,,,,
Offset: 0.000000 m,,,,
TEMPERATURE,,,,
UNIT: °C,,,,
Date,Time,ms,LEVEL,TEMPERATURE
11/19/2021,1:20:00 PM,0,0.1472,10.129
11/19/2021,1:30:00 PM,0,0.1485,10.038
11/19/2021,1:40:00 PM,0,0.1486,10.035
11/19/2021,1:50:00 PM,0,0.1483,10.038
11/19/2021,2:00:00 PM,0,0.1477,10.045
11/19/2021,2:10:00 PM,0,0.1471,10.052
11/19/2021,2:20:00 PM,0,0.1466,10.056
11/19/2021,2:30:00 PM,0,0.1471,10.064
11/19/2021,2:40:00 PM,0,0.1469,10.072
11/19/2021,2:50:00 PM,0,0.1478,10.076
11/19/2021,3:00:00 PM,0,0.146,10.076
11/19/2021,3:10:00 PM,0,0.148,10.071
11/19/2021,3:20:00 PM,0,0.1468,10.065
11/19/2021,3:30:00 PM,0,0.1467,10.052
11/19/2021,3:40:00 PM,0,0.1464,10.039
11/19/2021,3:50:00 PM,0,0.1456,10.021
11/19/2021,4:00:00 PM,0,0.1471,10.002
11/19/2021,4:10:00 PM,0,0.1455,9.981
11/19/2021,4:20:00 PM,0,0.1459,9.96
11/19/2021,4:30:00 PM,0,0.1444,9.937
11/19/2021,4:40:00 PM,0,0.1437,9.909
11/19/2021,4:50:00 PM,0,0.1452,9.879
11/19/2021,5:00:00 PM,0,0.1428,9.846
11/19/2021,5:10:00 PM,0,0.1424,9.814
11/19/2021,5:20:00 PM,0,0.1416,9.779
11/19/2021,5:30:00 PM,0,0.142,9.742
11/19/2021,5:40:00 PM,0,0.1413,9.704
11/19/2021,5:50:00 PM,0,0.1409,9.664
11/19/2021,6:00:00 PM,0,0.1404,9.623
11/19/2021,6:10:00 PM,0,0.1392,9.581
11/19/2021,6:20:00 PM,0,0.1402,9.539
11/19/2021,6:30:00 PM,0,0.1395,9.494
11/19/2021,6:40:00 PM,0,0.1394,9.449
11/19/2021,6:50:00 PM,0,0.1383,9.401
11/19/2021,7:00:00 PM,0,0.1389,9.354
11/19/2021,7:10:00 PM,0,0.1387,9.306
11/19/2021,7:20:00 PM,0,0.137,9.26
11/19/2021,7:30:00 PM,0,0.1381,9.213
11/19/2021,7:40:00 PM,0,0.1383,9.168
11/19/2021,7:50:00 PM,0,0.1356,9.124
11/19/2021,8:00:00 PM,0,0.1368,9.082
11/19/2021,8:10:00 PM,0,0.1372,9.04
11/19/2021,8:20:00 PM,0,0.1362,9.001
11/19/2021,8:30:00 PM,0,0.1375,8.961
11/19/2021,8:40:00 PM,0,0.1372,8.925
11/19/2021,8:50:00 PM,0,0.1368,8.89
11/19/2021,9:00:00 PM,0,0.1366,8.857
11/19/2021,9:10:00 PM,0,0.1351,8.823
11/19/2021,9:20:00 PM,0,0.1361,8.79
11/19/2021,9:30:00 PM,0,0.1347,8.757
11/19/2021,9:40:00 PM,0,0.1363,8.723
11/19/2021,9:50:00 PM,0,0.1351,8.691
11/19/2021,10:00:00 PM,0,0.136,8.66
11/19/2021,10:10:00 PM,0,0.1338,8.629
11/19/2021,10:20:00 PM,0,0.1341,8.599
11/19/2021,10:30:00 PM,0,0.1338,8.568
11/19/2021,10:40:00 PM,0,0.1333,8.539
11/19/2021,10:50:00 PM,0,0.133,8.509
11/19/2021,11:00:00 PM,0,0.1341,8.482
11/19/2021,11:10:00 PM,0,0.1319,8.455
11/19/2021,11:20:00 PM,0,0.1319,8.428
11/19/2021,11:30:00 PM,0,0.1311,8.404
11/19/2021,11:40:00 PM,0,0.1318,8.379
11/19/2021,11:50:00 PM,0,0.1316,8.357
11/20/2021,12:00:00 AM,0,0.1314,8.333
11/20/2021,12:10:00 AM,0,0.1317,8.31
11/20/2021,12:20:00 AM,0,0.1313,8.286
11/20/2021,12:30:00 AM,0,0.1325,8.262
11/20/2021,12:40:00 AM,0,0.1319,8.241
11/20/2021,12:50:00 AM,0,0.1324,8.221
11/20/2021,1:00:00 AM,0,0.1312,8.2
11/20/2021,1:10:00 AM,0,0.1323,8.179
11/20/2021,1:20:00 AM,0,0.1316,8.158
11/20/2021,1:30:00 AM,0,0.1318,8.138
11/20/2021,1:40:00 AM,0,0.1313,8.118
11/20/2021,1:50:00 AM,0,0.1309,8.097
11/20/2021,2:00:00 AM,0,0.1318,8.077
11/20/2021,2:10:00 AM,0,0.1311,8.057
11/20/2021,2:20:00 AM,0,0.1303,8.038
11/20/2021,2:30:00 AM,0,0.131,8.021
11/20/2021,2:40:00 AM,0,0.1306,8.008
11/20/2021,2:50:00 AM,0,0.13,8
11/20/2021,3:00:00 AM,0,0.1307,7.994
11/20/2021,3:10:00 AM,0,0.1316,7.991
11/20/2021,3:20:00 AM,0,0.1308,7.987
11/20/2021,3:30:00 AM,0,0.1311,7.983
11/20/2021,3:40:00 AM,0,0.1303,7.976
11/20/2021,3:50:00 AM,0,0.1304,7.964
11/20/2021,4:00:00 AM,0,0.131,7.954
11/20/2021,4:10:00 AM,0,0.1287,7.945
11/20/2021,4:20:00 AM,0,0.1298,7.939
11/20/2021,4:30:00 AM,0,0.1289,7.932
11/20/2021,4:40:00 AM,0,0.129,7.928
11/20/2021,4:50:00 AM,0,0.1285,7.927
11/20/2021,5:00:00 AM,0,0.1284,7.927
11/20/2021,5:10:00 AM,0,0.1289,7.925
11/20/2021,5:20:00 AM,0,0.1293,7.92
11/20/2021,5:30:00 AM,0,0.128,7.908
11/20/2021,5:40:00 AM,0,0.1282,7.895
11/20/2021,5:50:00 AM,0,0.1285,7.881
11/20/2021,6:00:00 AM,0,0.1278,7.867
11/20/2021,6:10:00 AM,0,0.1287,7.851
11/20/2021,6:20:00 AM,0,0.1282,7.835
11/20/2021,6:30:00 AM,0,0.1278,7.819
11/20/2021,6:40:00 AM,0,0.127,7.8
11/20/2021,6:50:00 AM,0,0.1282,7.783
11/20/2021,7:00:00 AM,0,0.1286,7.768
11/20/2021,7:10:00 AM,0,0.1274,7.754
11/20/2021,7:20:00 AM,0,0.1286,7.74
11/20/2021,7:30:00 AM,0,0.1284,7.729
11/20/2021,7:40:00 AM,0,0.1259,7.72
11/20/2021,7:50:00 AM,0,0.1273,7.707
11/20/2021,8:00:00 AM,0,0.1273,7.699
11/20/2021,8:10:00 AM,0,0.127,7.692
11/20/2021,8:20:00 AM,0,0.1273,7.684
11/20/2021,8:30:00 AM,0,0.1267,7.68
11/20/2021,8:40:00 AM,0,0.1275,7.675
11/20/2021,8:50:00 AM,0,0.128,7.673
11/20/2021,9:00:00 AM,0,0.1285,7.675
11/20/2021,9:10:00 AM,0,0.1283,7.675
11/20/2021,9:20:00 AM,0,0.1286,7.677
11/20/2021,9:30:00 AM,0,0.1281,7.679
11/20/2021,9:40:00 AM,0,0.1287,7.684
11/20/2021,9:50:00 AM,0,0.1289,7.688
11/20/2021,10:00:00 AM,0,0.129,7.692
11/20/2021,10:10:00 AM,0,0.1278,7.696
11/20/2021,10:20:00 AM,0,0.1282,7.701
11/20/2021,10:30:00 AM,0,0.1296,7.708
11/20/2021,10:40:00 AM,0,0.1294,7.721
11/20/2021,10:50:00 AM,0,0.1296,7.735
11/20/2021,11:00:00 AM,0,0.1299,7.753
11/20/2021,11:10:00 AM,0,0.1302,7.772
11/20/2021,11:20:00 AM,0,0.1298,7.801
11/20/2021,11:30:00 AM,0,0.1313,7.835
11/20/2021,11:40:00 AM,0,0.1336,7.879
11/20/2021,11:50:00 AM,0,0.1339,7.931
11/20/2021,12:00:00 PM,0,0.1346,7.987
11/20/2021,12:10:00 PM,0,0.1341,8.041
11/20/2021,12:20:00 PM,0,0.135,8.095
11/20/2021,12:30:00 PM,0,0.1353,8.148
11/20/2021,12:40:00 PM,0,0.1371,8.203
11/20/2021,12:50:00 PM,0,0.1368,8.256
11/20/2021,1:00:00 PM,0,0.1374,8.306
11/20/2021,1:10:00 PM,0,0.1364,8.354
11/20/2021,1:20:00 PM,0,0.1362,8.4
11/20/2021,1:30:00 PM,0,0.1351,8.441
11/20/2021,1:40:00 PM,0,0.1351,8.476
11/20/2021,1:50:00 PM,0,0.1352,8.509
11/20/2021,2:00:00 PM,0,0.1335,8.539
11/20/2021,2:10:00 PM,0,0.1332,8.568
11/20/2021,2:20:00 PM,0,0.1331,8.595
11/20/2021,2:30:00 PM,0,0.1331,8.62
11/20/2021,2:40:00 PM,0,0.1334,8.641
11/20/2021,2:50:00 PM,0,0.1331,8.662
11/20/2021,3:00:00 PM,0,0.1325,8.681
11/20/2021,3:10:00 PM,0,0.1313,8.696
11/20/2021,3:20:00 PM,0,0.1313,8.706
11/20/2021,3:30:00 PM,0,0.1304,8.714
11/20/2021,3:40:00 PM,0,0.1305,8.72
11/20/2021,3:50:00 PM,0,0.1312,8.721
11/20/2021,4:00:00 PM,0,0.1313,8.723
11/20/2021,4:10:00 PM,0,0.1295,8.724
11/20/2021,4:20:00 PM,0,0.1299,8.723
11/20/2021,4:30:00 PM,0,0.1295,8.721
11/20/2021,4:40:00 PM,0,0.1296,8.716
11/20/2021,4:50:00 PM,0,0.1286,8.708
11/20/2021,5:00:00 PM,0,0.1279,8.701
11/20/2021,5:10:00 PM,0,0.1275,8.691
11/20/2021,5:20:00 PM,0,0.1273,8.678
11/20/2021,5:30:00 PM,0,0.1268,8.662
11/20/2021,5:40:00 PM,0,0.1259,8.643
11/20/2021,5:50:00 PM,0,0.1257,8.622
11/20/2021,6:00:00 PM,0,0.1244,8.598
11/20/2021,6:10:00 PM,0,0.1251,8.573
11/20/2021,6:20:00 PM,0,0.1266,8.545
11/20/2021,6:30:00 PM,0,0.1263,8.517
11/20/2021,6:40:00 PM,0,0.1245,8.488
11/20/2021,6:50:00 PM,0,0.1244,8.458
11/20/2021,7:00:00 PM,0,0.1235,8.427
11/20/2021,7:10:00 PM,0,0.1242,8.396
11/20/2021,7:20:00 PM,0,0.1242,8.366
11/20/2021,7:30:00 PM,0,0.1231,8.342
11/20/2021,7:40:00 PM,0,0.1225,8.316
11/20/2021,7:50:00 PM,0,0.1233,8.291
11/20/2021,8:00:00 PM,0,0.1234,8.266
11/20/2021,8:10:00 PM,0,0.1226,8.238
11/20/2021,8:20:00 PM,0,0.1237,8.214
11/20/2021,8:30:00 PM,0,0.1236,8.187
11/20/2021,8:40:00 PM,0,0.1222,8.163
11/20/2021,8:50:00 PM,0,0.123,8.133
11/20/2021,9:00:00 PM,0,0.1225,8.106
11/20/2021,9:10:00 PM,0,0.1236,8.084
11/20/2021,9:20:00 PM,0,0.1236,8.063
11/20/2021,9:30:00 PM,0,0.1226,8.042
11/20/2021,9:40:00 PM,0,0.1225,8.018
11/20/2021,9:50:00 PM,0,0.1216,7.994
11/20/2021,10:00:00 PM,0,0.1227,7.971
11/20/2021,10:10:00 PM,0,0.1228,7.95
11/20/2021,10:20:00 PM,0,0.1225,7.928
11/20/2021,10:30:00 PM,0,0.1222,7.906
11/20/2021,10:40:00 PM,0,0.1223,7.883
11/20/2021,10:50:00 PM,0,0.1215,7.86
11/20/2021,11:00:00 PM,0,0.1217,7.837
11/20/2021,11:10:00 PM,0,0.122,7.814
11/20/2021,11:20:00 PM,0,0.1207,7.792
11/20/2021,11:30:00 PM,0,0.122,7.772
11/20/2021,11:40:00 PM,0,0.1214,7.754
11/20/2021,11:50:00 PM,0,0.1219,7.737
11/21/2021,12:00:00 AM,0,0.1199,7.72
11/21/2021,12:10:00 AM,0,0.1204,7.701
11/21/2021,12:20:00 AM,0,0.1207,7.684
11/21/2021,12:30:00 AM,0,0.1203,7.667
11/21/2021,12:40:00 AM,0,0.1215,7.651
11/21/2021,12:50:00 AM,0,0.1202,7.636
11/21/2021,1:00:00 AM,0,0.1199,7.622
11/21/2021,1:10:00 AM,0,0.1198,7.607
11/21/2021,1:20:00 AM,0,0.1206,7.591
11/21/2021,1:30:00 AM,0,0.1201,7.577
11/21/2021,1:40:00 AM,0,0.1202,7.563
11/21/2021,1:50:00 AM,0,0.1203,7.55
11/21/2021,2:00:00 AM,0,0.1209,7.538
11/21/2021,2:10:00 AM,0,0.121,7.525
11/21/2021,2:20:00 AM,0,0.1197,7.515
11/21/2021,2:30:00 AM,0,0.1199,7.502
11/21/2021,2:40:00 AM,0,0.1203,7.491
11/21/2021,2:50:00 AM,0,0.1209,7.482
11/21/2021,3:00:00 AM,0,0.1203,7.47
11/21/2021,3:10:00 AM,0,0.1209,7.46
11/21/2021,3:20:00 AM,0,0.1202,7.45
11/21/2021,3:30:00 AM,0,0.1204,7.442
11/21/2021,3:40:00 AM,0,0.1199,7.436
11/21/2021,3:50:00 AM,0,0.1205,7.43
11/21/2021,4:00:00 AM,0,0.121,7.426
11/21/2021,4:10:00 AM,0,0.1201,7.424
11/21/2021,4:20:00 AM,0,0.1201,7.421
11/21/2021,4:30:00 AM,0,0.1199,7.415
11/21/2021,4:40:00 AM,0,0.1189,7.41
11/21/2021,4:50:00 AM,0,0.1199,7.405
11/21/2021,5:00:00 AM,0,0.119,7.399
11/21/2021,5:10:00 AM,0,0.1198,7.394
11/21/2021,5:20:00 AM,0,0.1191,7.386
11/21/2021,5:30:00 AM,0,0.1199,7.38
11/21/2021,5:40:00 AM,0,0.1185,7.375
11/21/2021,5:50:00 AM,0,0.1189,7.369
11/21/2021,6:00:00 AM,0,0.1185,7.363
11/21/2021,6:10:00 AM,0,0.1181,7.355
11/21/2021,6:20:00 AM,0,0.1197,7.348
11/21/2021,6:30:00 AM,0,0.1177,7.343
11/21/2021,6:40:00 AM,0,0.1184,7.337
11/21/2021,6:50:00 AM,0,0.119,7.329
11/21/2021,7:00:00 AM,0,0.1183,7.323
11/21/2021,7:10:00 AM,0,0.1178,7.317
11/21/2021,7:20:00 AM,0,0.1171,7.308
11/21/2021,7:30:00 AM,0,0.117,7.298
11/21/2021,7:40:00 AM,0,0.1181,7.292
11/21/2021,7:50:00 AM,0,0.1178,7.286
11/21/2021,8:00:00 AM,0,0.118,7.284
11/21/2021,8:10:00 AM,0,0.1179,7.283
11/21/2021,8:20:00 AM,0,0.1173,7.286
11/21/2021,8:30:00 AM,0,0.1184,7.29
11/21/2021,8:40:00 AM,0,0.1182,7.298
11/21/2021,8:50:00 AM,0,0.1163,7.308
11/21/2021,9:00:00 AM,0,0.1168,7.319
11/21/2021,9:10:00 AM,0,0.1167,7.33
11/21/2021,9:20:00 AM,0,0.117,7.346
11/21/2021,9:30:00 AM,0,0.1182,7.362
11/21/2021,9:40:00 AM,0,0.1203,7.38
11/21/2021,9:50:00 AM,0,0.1197,7.395
11/21/2021,10:00:00 AM,0,0.1191,7.406
11/21/2021,10:10:00 AM,0,0.1187,7.419
11/21/2021,10:20:00 AM,0,0.1206,7.437
11/21/2021,10:30:00 AM,0,0.121,7.454
11/21/2021,10:40:00 AM,0,0.1202,7.471
11/21/2021,10:50:00 AM,0,0.1201,7.49
11/21/2021,11:00:00 AM,0,0.1212,7.506
11/21/2021,11:10:00 AM,0,0.1215,7.522
11/21/2021,11:20:00 AM,0,0.1221,7.546
11/21/2021,11:30:00 AM,0,0.122,7.573
11/21/2021,11:40:00 AM,0,0.1217,7.603
11/21/2021,11:50:00 AM,0,0.1213,7.636
11/21/2021,12:00:00 PM,0,0.1223,7.674
11/21/2021,12:10:00 PM,0,0.1231,7.718
11/21/2021,12:20:00 PM,0,0.1232,7.762
11/21/2021,12:30:00 PM,0,0.124,7.812
11/21/2021,12:40:00 PM,0,0.125,7.866
11/21/2021,12:50:00 PM,0,0.1265,7.921
11/21/2021,1:00:00 PM,0,0.1265,7.975
11/21/2021,1:10:00 PM,0,0.1261,8.03
11/21/2021,1:20:00 PM,0,0.1259,8.085
11/21/2021,1:30:00 PM,0,0.1249,8.139
11/21/2021,1:40:00 PM,0,0.1262,8.189
11/21/2021,1:50:00 PM,0,0.1258,8.236
11/21/2021,2:00:00 PM,0,0.1248,8.282
11/21/2021,2:10:00 PM,0,0.1243,8.329
11/21/2021,2:20:00 PM,0,0.1248,8.373
11/21/2021,2:30:00 PM,0,0.1243,8.416
11/21/2021,2:40:00 PM,0,0.1244,8.458
11/21/2021,2:50:00 PM,0,0.1235,8.5
11/21/2021,3:00:00 PM,0,0.1241,8.539
11/21/2021,3:10:00 PM,0,0.1244,8.574
11/21/2021,3:20:00 PM,0,0.1233,8.604
11/21/2021,3:30:00 PM,0,0.1233,8.63
11/21/2021,3:40:00 PM,0,0.1228,8.653
11/21/2021,3:50:00 PM,0,0.123,8.672
11/21/2021,4:00:00 PM,0,0.1221,8.688
11/21/2021,4:10:00 PM,0,0.1216,8.699
11/21/2021,4:20:00 PM,0,0.1217,8.705
11/21/2021,4:30:00 PM,0,0.121,8.71
11/21/2021,4:40:00 PM,0,0.1214,8.709
11/21/2021,4:50:00 PM,0,0.1197,8.705
11/21/2021,5:00:00 PM,0,0.1198,8.697
11/21/2021,5:10:00 PM,0,0.1197,8.688
11/21/2021,5:20:00 PM,0,0.1201,8.675
11/21/2021,5:30:00 PM,0,0.1201,8.66
11/21/2021,5:40:00 PM,0,0.1187,8.641
11/21/2021,5:50:00 PM,0,0.1188,8.618
11/21/2021,6:00:00 PM,0,0.1186,8.595
11/21/2021,6:10:00 PM,0,0.1189,8.568
11/21/2021,6:20:00 PM,0,0.1187,8.541
11/21/2021,6:30:00 PM,0,0.1181,8.513
11/21/2021,6:40:00 PM,0,0.1179,8.484
11/21/2021,6:50:00 PM,0,0.1177,8.454
11/21/2021,7:00:00 PM,0,0.1177,8.425
11/21/2021,7:10:00 PM,0,0.1173,8.395
11/21/2021,7:20:00 PM,0,0.1168,8.365
11/21/2021,7:30:00 PM,0,0.1167,8.334
11/21/2021,7:40:00 PM,0,0.1165,8.303
11/21/2021,7:50:00 PM,0,0.1154,8.273
11/21/2021,8:00:00 PM,0,0.1166,8.243
11/21/2021,8:10:00 PM,0,0.116,8.214
11/21/2021,8:20:00 PM,0,0.1149,8.185
11/21/2021,8:30:00 PM,0,0.1153,8.156
11/21/2021,8:40:00 PM,0,0.1162,8.127
11/21/2021,8:50:00 PM,0,0.1156,8.098
11/21/2021,9:00:00 PM,0,0.1147,8.068
11/21/2021,9:10:00 PM,0,0.1142,8.038
11/21/2021,9:20:00 PM,0,0.1148,8.01
11/21/2021,9:30:00 PM,0,0.1134,7.983
11/21/2021,9:40:00 PM,0,0.1139,7.954
11/21/2021,9:50:00 PM,0,0.1138,7.927
11/21/2021,10:00:00 PM,0,0.1136,7.901
11/21/2021,10:10:00 PM,0,0.1141,7.876
11/21/2021,10:20:00 PM,0,0.1139,7.849
11/21/2021,10:30:00 PM,0,0.1136,7.822
11/21/2021,10:40:00 PM,0,0.1143,7.796
11/21/2021,10:50:00 PM,0,0.1134,7.77
11/21/2021,11:00:00 PM,0,0.1128,7.745
11/21/2021,11:10:00 PM,0,0.1124,7.722
11/21/2021,11:20:00 PM,0,0.1134,7.701
11/21/2021,11:30:00 PM,0,0.113,7.679
11/21/2021,11:40:00 PM,0,0.1124,7.66
11/21/2021,11:50:00 PM,0,0.1135,7.64
11/22/2021,12:00:00 AM,0,0.1125,7.622
11/22/2021,12:10:00 AM,0,0.1122,7.606
11/22/2021,12:20:00 AM,0,0.1123,7.589
11/22/2021,12:30:00 AM,0,0.1133,7.571
11/22/2021,12:40:00 AM,0,0.1115,7.553
11/22/2021,12:50:00 AM,0,0.1116,7.538
11/22/2021,1:00:00 AM,0,0.1115,7.522
11/22/2021,1:10:00 AM,0,0.1113,7.507
11/22/2021,1:20:00 AM,0,0.1116,7.49
11/22/2021,1:30:00 AM,0,0.1117,7.476
11/22/2021,1:40:00 AM,0,0.111,7.462
11/22/2021,1:50:00 AM,0,0.1105,7.449
11/22/2021,2:00:00 AM,0,0.1102,7.436
11/22/2021,2:10:00 AM,0,0.1106,7.423
11/22/2021,2:20:00 AM,0,0.111,7.411
11/22/2021,2:30:00 AM,0,0.1098,7.399
11/22/2021,2:40:00 AM,0,0.11,7.387
11/22/2021,2:50:00 AM,0,0.1102,7.374
11/22/2021,3:00:00 AM,0,0.1092,7.363
11/22/2021,3:10:00 AM,0,0.1103,7.35
11/22/2021,3:20:00 AM,0,0.1085,7.336
11/22/2021,3:30:00 AM,0,0.108,7.324
11/22/2021,3:40:00 AM,0,0.11,7.311
11/22/2021,3:50:00 AM,0,0.109,7.3
11/22/2021,4:00:00 AM,0,0.1081,7.288
11/22/2021,4:10:00 AM,0,0.1089,7.276
11/22/2021,4:20:00 AM,0,0.1097,7.263
11/22/2021,4:30:00 AM,0,0.1076,7.251
11/22/2021,4:40:00 AM,0,0.1084,7.242
11/22/2021,4:50:00 AM,0,0.109,7.23
11/22/2021,5:00:00 AM,0,0.108,7.218
11/22/2021,5:10:00 AM,0,0.1083,7.207
11/22/2021,5:20:00 AM,0,0.1086,7.196
11/22/2021,5:30:00 AM,0,0.11,7.187
11/22/2021,5:40:00 AM,0,0.1089,7.177
11/22/2021,5:50:00 AM,0,0.1091,7.166
11/22/2021,6:00:00 AM,0,0.1078,7.156
11/22/2021,6:10:00 AM,0,0.1069,7.149
11/22/2021,6:20:00 AM,0,0.1095,7.14
11/22/2021,6:30:00 AM,0,0.1076,7.133
11/22/2021,6:40:00 AM,0,0.1076,7.128
11/22/2021,6:50:00 AM,0,0.1068,7.12
11/22/2021,7:00:00 AM,0,0.1066,7.115
11/22/2021,7:10:00 AM,0,0.1073,7.111
11/22/2021,7:20:00 AM,0,0.1065,7.106
11/22/2021,7:30:00 AM,0,0.1072,7.101
11/22/2021,7:40:00 AM,0,0.1061,7.097
11/22/2021,7:50:00 AM,0,0.1064,7.093
11/22/2021,8:00:00 AM,0,0.1065,7.091
11/22/2021,8:10:00 AM,0,0.1066,7.09
11/22/2021,8:20:00 AM,0,0.1064,7.089
11/22/2021,8:30:00 AM,0,0.1069,7.089
11/22/2021,8:40:00 AM,0,0.1058,7.088
11/22/2021,8:50:00 AM,0,0.1055,7.089
11/22/2021,9:00:00 AM,0,0.1046,7.093
11/22/2021,9:10:00 AM,0,0.1075,7.094
11/22/2021,9:20:00 AM,0,0.1069,7.097
11/22/2021,9:30:00 AM,0,0.107,7.101
11/22/2021,9:40:00 AM,0,0.1064,7.106
11/22/2021,9:50:00 AM,0,0.1062,7.113
11/22/2021,10:00:00 AM,0,0.1072,7.123
11/22/2021,10:10:00 AM,0,0.1084,7.126
11/22/2021,10:20:00 AM,0,0.1076,7.134
11/22/2021,10:30:00 AM,0,0.1087,7.143
11/22/2021,10:40:00 AM,0,0.1081,7.153
11/22/2021,10:50:00 AM,0,0.1093,7.164
11/22/2021,11:00:00 AM,0,0.1089,7.179
11/22/2021,11:10:00 AM,0,0.1099,7.212
11/22/2021,11:20:00 AM,0,0.1104,7.251
11/22/2021,11:30:00 AM,0,0.1115,7.284
11/22/2021,11:40:00 AM,0,0.1111,7.321
11/22/2021,11:50:00 AM,0,0.113,7.364
11/22/2021,12:00:00 PM,0,0.1123,7.412
11/22/2021,12:10:00 PM,0,0.1133,7.462
11/22/2021,12:20:00 PM,0,0.1127,7.522
11/22/2021,12:30:00 PM,0,0.1141,7.591
11/22/2021,12:40:00 PM,0,0.1146,7.672
11/22/2021,12:50:00 PM,0,0.1146,7.754
11/22/2021,1:00:00 PM,0,0.1147,7.847
11/22/2021,1:10:00 PM,0,0.1161,7.949
11/22/2021,1:20:00 PM,0,0.116,8.047
11/22/2021,1:30:00 PM,0,0.1163,8.141
11/22/2021,1:40:00 PM,0,0.1164,8.231
11/22/2021,1:50:00 PM,0,0.116,8.311
11/22/2021,2:00:00 PM,0,0.1156,8.382
11/22/2021,2:10:00 PM,0,0.1166,8.453
11/22/2021,2:20:00 PM,0,0.1161,8.52
11/22/2021,2:30:00 PM,0,0.1171,8.581
11/22/2021,2:40:00 PM,0,0.1168,8.631
11/22/2021,2:50:00 PM,0,0.117,8.679
11/22/2021,3:00:00 PM,0,0.1149,8.725
11/22/2021,3:10:00 PM,0,0.1154,8.763
11/22/2021,3:20:00 PM,0,0.1159,8.797
11/22/2021,3:30:00 PM,0,0.1157,8.827
11/22/2021,3:40:00 PM,0,0.1147,8.855
11/22/2021,3:50:00 PM,0,0.1143,8.881
11/22/2021,4:00:00 PM,0,0.1155,8.904
11/22/2021,4:10:00 PM,0,0.1146,8.926
11/22/2021,4:20:00 PM,0,0.1142,8.942
11/22/2021,4:30:00 PM,0,0.1151,8.956
11/22/2021,4:40:00 PM,0,0.1134,8.967
11/22/2021,4:50:00 PM,0,0.1132,8.976
11/22/2021,5:00:00 PM,0,0.1123,8.983
11/22/2021,5:10:00 PM,0,0.1132,8.989
11/22/2021,5:20:00 PM,0,0.1137,8.993
11/22/2021,5:30:00 PM,0,0.1136,8.997
11/22/2021,5:40:00 PM,0,0.114,9
11/22/2021,5:50:00 PM,0,0.1127,9.002
11/22/2021,6:00:00 PM,0,0.1131,9.004
11/22/2021,6:10:00 PM,0,0.1135,9.005
11/22/2021,6:20:00 PM,0,0.1129,9.006
11/22/2021,6:30:00 PM,0,0.1122,9.007
11/22/2021,6:40:00 PM,0,0.113,9.005
11/22/2021,6:50:00 PM,0,0.1121,9.004
11/22/2021,7:00:00 PM,0,0.1126,9.004
11/22/2021,7:10:00 PM,0,0.1131,9.002
11/22/2021,7:20:00 PM,0,0.1118,9
11/22/2021,7:30:00 PM,0,0.113,8.999
11/22/2021,7:40:00 PM,0,0.1124,8.998
11/22/2021,7:50:00 PM,0,0.1129,8.997
11/22/2021,8:00:00 PM,0,0.1134,8.995
11/22/2021,8:10:00 PM,0,0.1136,8.994
11/22/2021,8:20:00 PM,0,0.113,8.992
11/22/2021,8:30:00 PM,0,0.1149,8.99
11/22/2021,8:40:00 PM,0,0.1133,8.986
11/22/2021,8:50:00 PM,0,0.1142,8.984
11/22/2021,9:00:00 PM,0,0.1149,8.982
11/22/2021,9:10:00 PM,0,0.1156,8.98
11/22/2021,9:20:00 PM,0,0.1177,8.979
11/22/2021,9:30:00 PM,0,0.1194,8.979
11/22/2021,9:40:00 PM,0,0.1185,8.977
11/22/2021,9:50:00 PM,0,0.1194,8.976
11/22/2021,10:00:00 PM,0,0.1204,8.975
11/22/2021,10:10:00 PM,0,0.1201,8.975
11/22/2021,10:20:00 PM,0,0.119,8.975
11/22/2021,10:30:00 PM,0,0.1215,8.975
11/22/2021,10:40:00 PM,0,0.1212,8.974
11/22/2021,10:50:00 PM,0,0.1195,8.974
11/22/2021,11:00:00 PM,0,0.1202,8.974
11/22/2021,11:10:00 PM,0,0.1223,8.975
11/22/2021,11:20:00 PM,0,0.1204,8.976
11/22/2021,11:30:00 PM,0,0.1191,8.977
11/22/2021,11:40:00 PM,0,0.1194,8.978
11/22/2021,11:50:00 PM,0,0.1188,8.98
11/23/2021,12:00:00 AM,0,0.119,8.98
11/23/2021,12:10:00 AM,0,0.1168,8.982
11/23/2021,12:20:00 AM,0,0.1164,8.983
11/23/2021,12:30:00 AM,0,0.1158,8.985
11/23/2021,12:40:00 AM,0,0.1163,8.985
11/23/2021,12:50:00 AM,0,0.1184,8.98
11/23/2021,1:00:00 AM,0,0.1167,8.98
11/23/2021,1:10:00 AM,0,0.1182,8.982
11/23/2021,1:20:00 AM,0,0.117,8.984
11/23/2021,1:30:00 AM,0,0.1144,8.986
11/23/2021,1:40:00 AM,0,0.1184,8.985
11/23/2021,1:50:00 AM,0,0.1192,8.982
11/23/2021,2:00:00 AM,0,0.1202,8.978
11/23/2021,2:10:00 AM,0,0.1197,8.975
11/23/2021,2:20:00 AM,0,0.1219,8.974
11/23/2021,2:30:00 AM,0,0.1237,8.973
11/23/2021,2:40:00 AM,0,0.1224,8.972
11/23/2021,2:50:00 AM,0,0.1238,8.972
11/23/2021,3:00:00 AM,0,0.1253,8.971
11/23/2021,3:10:00 AM,0,0.1263,8.97
11/23/2021,3:20:00 AM,0,0.1248,8.969
11/23/2021,3:30:00 AM,0,0.1261,8.968
11/23/2021,3:40:00 AM,0,0.1247,8.967
11/23/2021,3:50:00 AM,0,0.1263,8.965
11/23/2021,4:00:00 AM,0,0.1251,8.962
11/23/2021,4:10:00 AM,0,0.1241,8.96
11/23/2021,4:20:00 AM,0,0.1245,8.957
11/23/2021,4:30:00 AM,0,0.1254,8.953
11/23/2021,4:40:00 AM,0,0.1248,8.95
11/23/2021,4:50:00 AM,0,0.1273,8.938
11/23/2021,5:00:00 AM,0,0.1271,8.927
11/23/2021,5:10:00 AM,0,0.127,8.921
11/23/2021,5:20:00 AM,0,0.1267,8.915
11/23/2021,5:30:00 AM,0,0.1305,8.907
11/23/2021,5:40:00 AM,0,0.1303,8.899
11/23/2021,5:50:00 AM,0,0.1322,8.89
11/23/2021,6:00:00 AM,0,0.1299,8.882
11/23/2021,6:10:00 AM,0,0.1309,8.873
11/23/2021,6:20:00 AM,0,0.1307,8.863
11/23/2021,6:30:00 AM,0,0.1299,8.852
11/23/2021,6:40:00 AM,0,0.1296,8.843
11/23/2021,6:50:00 AM,0,0.1291,8.834
11/23/2021,7:00:00 AM,0,0.1303,8.824
11/23/2021,7:10:00 AM,0,0.1302,8.813
11/23/2021,7:20:00 AM,0,0.1306,8.8
11/23/2021,7:30:00 AM,0,0.1302,8.79
11/23/2021,7:40:00 AM,0,0.1275,8.781
11/23/2021,7:50:00 AM,0,0.1273,8.776
11/23/2021,8:00:00 AM,0,0.127,8.774
11/23/2021,8:10:00 AM,0,0.1269,8.78
11/23/2021,8:20:00 AM,0,0.1269,8.784
11/23/2021,8:30:00 AM,0,0.1247,8.789
11/23/2021,8:40:00 AM,0,0.1265,8.802
11/23/2021,8:50:00 AM,0,0.1258,8.811
11/23/2021,9:00:00 AM,0,0.1255,8.822
11/23/2021,9:10:00 AM,0,0.1257,8.837
11/23/2021,9:20:00 AM,0,0.1273,8.861
11/23/2021,9:30:00 AM,0,0.1259,8.881
11/23/2021,9:40:00 AM,0,0.1264,8.906
11/23/2021,9:50:00 AM,0,0.1262,8.939
11/23/2021,10:00:00 AM,0,0.1257,8.958
11/23/2021,10:10:00 AM,0,0.1264,8.974
11/23/2021,10:20:00 AM,0,0.1274,8.993
11/23/2021,10:30:00 AM,0,0.1278,9.015
11/23/2021,10:40:00 AM,0,0.1272,9.034
11/23/2021,10:50:00 AM,0,0.128,9.053
11/23/2021,11:00:00 AM,0,0.1274,9.093
11/23/2021,11:10:00 AM,0,0.1263,9.122
11/23/2021,11:20:00 AM,0,0.1268,9.137
11/23/2021,11:30:00 AM,0,0.1271,9.145
11/23/2021,11:40:00 AM,0,0.1261,9.152
11/23/2021,11:50:00 AM,0,0.1259,9.161
11/23/2021,12:00:00 PM,0,0.1259,9.188
11/23/2021,12:10:00 PM,0,0.1273,9.214
11/23/2021,12:20:00 PM,0,0.1258,9.23
11/23/2021,12:30:00 PM,0,0.1272,9.252
11/23/2021,12:40:00 PM,0,0.1275,9.269
11/23/2021,12:50:00 PM,0,0.1277,9.282
11/23/2021,1:00:00 PM,0,0.1272,9.297
11/23/2021,1:10:00 PM,0,0.1261,9.303
11/23/2021,1:20:00 PM,0,0.1262,9.308
11/23/2021,1:30:00 PM,0,0.1257,9.317
11/23/2021,1:40:00 PM,0,0.1262,9.329
11/23/2021,1:50:00 PM,0,0.1265,9.326
11/23/2021,2:00:00 PM,0,0.1251,9.322
11/23/2021,2:10:00 PM,0,0.1269,9.328
11/23/2021,2:20:00 PM,0,0.1259,9.339
11/23/2021,2:30:00 PM,0,0.1255,9.342
11/23/2021,2:40:00 PM,0,0.1257,9.34
11/23/2021,2:50:00 PM,0,0.1246,9.339
11/23/2021,3:00:00 PM,0,0.1253,9.35
11/23/2021,3:10:00 PM,0,0.1243,9.356
11/23/2021,3:20:00 PM,0,0.1239,9.357
11/23/2021,3:30:00 PM,0,0.1236,9.359
11/23/2021,3:40:00 PM,0,0.1231,9.367
11/23/2021,3:50:00 PM,0,0.1221,9.364
11/23/2021,4:00:00 PM,0,0.1233,9.35
11/23/2021,4:10:00 PM,0,0.121,9.334
11/23/2021,4:20:00 PM,0,0.1196,9.317
11/23/2021,4:30:00 PM,0,0.1201,9.302
11/23/2021,4:40:00 PM,0,0.1203,9.289
11/23/2021,4:50:00 PM,0,0.1199,9.273
11/23/2021,5:00:00 PM,0,0.1195,9.257
11/23/2021,5:10:00 PM,0,0.119,9.239
11/23/2021,5:20:00 PM,0,0.1183,9.219
11/23/2021,5:30:00 PM,0,0.1181,9.202
11/23/2021,5:40:00 PM,0,0.1186,9.184
11/23/2021,5:50:00 PM,0,0.1192,9.161
11/23/2021,6:00:00 PM,0,0.1187,9.139
11/23/2021,6:10:00 PM,0,0.1167,9.114
11/23/2021,6:20:00 PM,0,0.1168,9.086
11/23/2021,6:30:00 PM,0,0.1169,9.056
11/23/2021,6:40:00 PM,0,0.1169,9.024
11/23/2021,6:50:00 PM,0,0.1169,8.99
11/23/2021,7:00:00 PM,0,0.1171,8.957
11/23/2021,7:10:00 PM,0,0.1159,8.928
11/23/2021,7:20:00 PM,0,0.116,8.902
11/23/2021,7:30:00 PM,0,0.1148,8.87
11/23/2021,7:40:00 PM,0,0.1148,8.835
11/23/2021,7:50:00 PM,0,0.1148,8.8
11/23/2021,8:00:00 PM,0,0.1146,8.763
11/23/2021,8:10:00 PM,0,0.1159,8.725
11/23/2021,8:20:00 PM,0,0.1151,8.688
11/23/2021,8:30:00 PM,0,0.1142,8.654
11/23/2021,8:40:00 PM,0,0.1137,8.621
11/23/2021,8:50:00 PM,0,0.1141,8.591
11/23/2021,9:00:00 PM,0,0.1153,8.56
11/23/2021,9:10:00 PM,0,0.1142,8.528
11/23/2021,9:20:00 PM,0,0.114,8.498
11/23/2021,9:30:00 PM,0,0.1135,8.471
11/23/2021,9:40:00 PM,0,0.1128,8.446
11/23/2021,9:50:00 PM,0,0.112,8.423
11/23/2021,10:00:00 PM,0,0.1113,8.397
11/23/2021,10:10:00 PM,0,0.1104,8.376
11/23/2021,10:20:00 PM,0,0.1102,8.358
11/23/2021,10:30:00 PM,0,0.1111,8.342
11/23/2021,10:40:00 PM,0,0.1106,8.327
11/23/2021,10:50:00 PM,0,0.1111,8.309
11/23/2021,11:00:00 PM,0,0.1094,8.289
11/23/2021,11:10:00 PM,0,0.1128,8.268
11/23/2021,11:20:00 PM,0,0.1101,8.248
11/23/2021,11:30:00 PM,0,0.1104,8.228
11/23/2021,11:40:00 PM,0,0.1093,8.208
11/23/2021,11:50:00 PM,0,0.1095,8.187
11/24/2021,12:00:00 AM,0,0.1096,8.167
11/24/2021,12:10:00 AM,0,0.1097,8.146
11/24/2021,12:20:00 AM,0,0.111,8.127
11/24/2021,12:30:00 AM,0,0.1093,8.107
11/24/2021,12:40:00 AM,0,0.1096,8.087
11/24/2021,12:50:00 AM,0,0.1095,8.067
11/24/2021,1:00:00 AM,0,0.1091,8.044
11/24/2021,1:10:00 AM,0,0.1089,8.021
11/24/2021,1:20:00 AM,0,0.1078,7.997
11/24/2021,1:30:00 AM,0,0.107,7.972
11/24/2021,1:40:00 AM,0,0.1071,7.943
11/24/2021,1:50:00 AM,0,0.1068,7.917
11/24/2021,2:00:00 AM,0,0.1069,7.892
11/24/2021,2:10:00 AM,0,0.1061,7.859
11/24/2021,2:20:00 AM,0,0.106,7.831
11/24/2021,2:30:00 AM,0,0.1068,7.804
11/24/2021,2:40:00 AM,0,0.1061,7.776
11/24/2021,2:50:00 AM,0,0.1057,7.753
11/24/2021,3:00:00 AM,0,0.1066,7.723
11/24/2021,3:10:00 AM,0,0.1057,7.696
11/24/2021,3:20:00 AM,0,0.1063,7.667
11/24/2021,3:30:00 AM,0,0.1068,7.642
11/24/2021,3:40:00 AM,0,0.1064,7.615
11/24/2021,3:50:00 AM,0,0.106,7.59
11/24/2021,4:00:00 AM,0,0.1064,7.563
11/24/2021,4:10:00 AM,0,0.1075,7.541
11/24/2021,4:20:00 AM,0,0.106,7.517
11/24/2021,4:30:00 AM,0,0.1044,7.494
11/24/2021,4:40:00 AM,0,0.1049,7.474
11/24/2021,4:50:00 AM,0,0.1055,7.451
11/24/2021,5:00:00 AM,0,0.106,7.434
11/24/2021,5:10:00 AM,0,0.1046,7.415
11/24/2021,5:20:00 AM,0,0.1039,7.398
11/24/2021,5:30:00 AM,0,0.1048,7.383
11/24/2021,5:40:00 AM,0,0.1042,7.367
11/24/2021,5:50:00 AM,0,0.1042,7.355
11/24/2021,6:00:00 AM,0,0.1036,7.34
11/24/2021,6:10:00 AM,0,0.1041,7.322
11/24/2021,6:20:00 AM,0,0.1043,7.309
11/24/2021,6:30:00 AM,0,0.1036,7.293
11/24/2021,6:40:00 AM,0,0.1041,7.277
11/24/2021,6:50:00 AM,0,0.1041,7.264
11/24/2021,7:00:00 AM,0,0.1035,7.25
11/24/2021,7:10:00 AM,0,0.1037,7.237
11/24/2021,7:20:00 AM,0,0.1032,7.227
11/24/2021,7:30:00 AM,0,0.1038,7.215
11/24/2021,7:40:00 AM,0,0.1035,7.204
11/24/2021,7:50:00 AM,0,0.1034,7.196
11/24/2021,8:00:00 AM,0,0.1044,7.191
11/24/2021,8:10:00 AM,0,0.1037,7.191
11/24/2021,8:20:00 AM,0,0.1047,7.196
11/24/2021,8:30:00 AM,0,0.1056,7.205
11/24/2021,8:40:00 AM,0,0.1067,7.208
11/24/2021,8:50:00 AM,0,0.1064,7.212
11/24/2021,9:00:00 AM,0,0.1049,7.221
11/24/2021,9:10:00 AM,0,0.1048,7.233
11/24/2021,9:20:00 AM,0,0.105,7.244
11/24/2021,9:30:00 AM,0,0.1039,7.258
11/24/2021,9:40:00 AM,0,0.1064,7.274
11/24/2021,9:50:00 AM,0,0.1053,7.292
11/24/2021,10:00:00 AM,0,0.1064,7.311
11/24/2021,10:10:00 AM,0,0.1066,7.333
11/24/2021,10:20:00 AM,0,0.1054,7.358
11/24/2021,10:30:00 AM,0,0.1071,7.388
11/24/2021,10:40:00 AM,0,0.107,7.426
11/24/2021,10:50:00 AM,0,0.107,7.471
11/24/2021,11:00:00 AM,0,0.1097,7.518
11/24/2021,11:10:00 AM,0,0.1097,7.578
11/24/2021,11:20:00 AM,0,0.1096,7.637
11/24/2021,11:30:00 AM,0,0.1109,7.703
11/24/2021,11:40:00 AM,0,0.1106,7.77
11/24/2021,11:50:00 AM,0,0.1115,7.827
11/24/2021,12:00:00 PM,0,0.1109,7.884
11/24/2021,12:10:00 PM,0,0.1118,7.938
11/24/2021,12:20:00 PM,0,0.1127,7.99
11/24/2021,12:30:00 PM,0,0.1123,8.049
11/24/2021,12:40:00 PM,0,0.113,8.11
11/24/2021,12:50:00 PM,0,0.1123,8.169
11/24/2021,1:00:00 PM,0,0.1129,8.226
11/24/2021,1:10:00 PM,0,0.1126,8.28
11/24/2021,1:20:00 PM,0,0.1133,8.329
11/24/2021,1:30:00 PM,0,0.113,8.374
11/24/2021,1:40:00 PM,0,0.1124,8.416
11/24/2021,1:50:00 PM,0,0.1135,8.456
11/24/2021,2:00:00 PM,0,0.1132,8.492
11/24/2021,2:10:00 PM,0,0.113,8.525
11/24/2021,2:20:00 PM,0,0.1123,8.559
11/24/2021,2:30:00 PM,0,0.114,8.592
11/24/2021,2:40:00 PM,0,0.1132,8.623
11/24/2021,2:50:00 PM,0,0.1135,8.65
11/24/2021,3:00:00 PM,0,0.1123,8.672
11/24/2021,3:10:00 PM,0,0.1136,8.695
11/24/2021,3:20:00 PM,0,0.1132,8.717
11/24/2021,3:30:00 PM,0,0.1121,8.735
11/24/2021,3:40:00 PM,0,0.112,8.747
11/24/2021,3:50:00 PM,0,0.1121,8.754
11/24/2021,4:00:00 PM,0,0.1106,8.758
11/24/2021,4:10:00 PM,0,0.111,8.759
11/24/2021,4:20:00 PM,0,0.1103,8.757
11/24/2021,4:30:00 PM,0,0.1101,8.753
11/24/2021,4:40:00 PM,0,0.1099,8.746
11/24/2021,4:50:00 PM,0,0.1093,8.739
11/24/2021,5:00:00 PM,0,0.1084,8.727
11/24/2021,5:10:00 PM,0,0.1085,8.711
11/24/2021,5:20:00 PM,0,0.1076,8.692
11/24/2021,5:30:00 PM,0,0.1078,8.671
11/24/2021,5:40:00 PM,0,0.109,8.647
11/24/2021,5:50:00 PM,0,0.1071,8.625
11/24/2021,6:00:00 PM,0,0.1072,8.601
11/24/2021,6:10:00 PM,0,0.1073,8.578
11/24/2021,6:20:00 PM,0,0.1077,8.552
11/24/2021,6:30:00 PM,0,0.1073,8.527
11/24/2021,6:40:00 PM,0,0.1077,8.502
11/24/2021,6:50:00 PM,0,0.1071,8.48
11/24/2021,7:00:00 PM,0,0.1074,8.457
11/24/2021,7:10:00 PM,0,0.1081,8.435
11/24/2021,7:20:00 PM,0,0.106,8.415
11/24/2021,7:30:00 PM,0,0.1079,8.395
11/24/2021,7:40:00 PM,0,0.1068,8.378
11/24/2021,7:50:00 PM,0,0.1067,8.36
11/24/2021,8:00:00 PM,0,0.1065,8.343
11/24/2021,8:10:00 PM,0,0.1071,8.329
11/24/2021,8:20:00 PM,0,0.1059,8.318
11/24/2021,8:30:00 PM,0,0.1065,8.309
11/24/2021,8:40:00 PM,0,0.1065,8.3
11/24/2021,8:50:00 PM,0,0.1069,8.294
11/24/2021,9:00:00 PM,0,0.1078,8.289
11/24/2021,9:10:00 PM,0,0.1071,8.285
11/24/2021,9:20:00 PM,0,0.1073,8.281
11/24/2021,9:30:00 PM,0,0.1082,8.275
11/24/2021,9:40:00 PM,0,0.1065,8.272
11/24/2021,9:50:00 PM,0,0.1076,8.27
11/24/2021,10:00:00 PM,0,0.105,8.268
11/24/2021,10:10:00 PM,0,0.1082,8.267
11/24/2021,10:20:00 PM,0,0.1086,8.265
11/24/2021,10:30:00 PM,0,0.1069,8.265
11/24/2021,10:40:00 PM,0,0.1075,8.265
11/24/2021,10:50:00 PM,0,0.1069,8.266
11/24/2021,11:00:00 PM,0,0.105,8.267
11/24/2021,11:10:00 PM,0,0.1063,8.268
11/24/2021,11:20:00 PM,0,0.1081,8.27
11/24/2021,11:30:00 PM,0,0.1084,8.268
11/24/2021,11:40:00 PM,0,0.105,8.264
11/24/2021,11:50:00 PM,0,0.1062,8.259
11/25/2021,12:00:00 AM,0,0.1077,8.255
11/25/2021,12:10:00 AM,0,0.1085,8.249
11/25/2021,12:20:00 AM,0,0.1078,8.242
11/25/2021,12:30:00 AM,0,0.1048,8.235
11/25/2021,12:40:00 AM,0,0.1065,8.225
11/25/2021,12:50:00 AM,0,0.1048,8.214
11/25/2021,1:00:00 AM,0,0.1044,8.205
11/25/2021,1:10:00 AM,0,0.1048,8.195
11/25/2021,1:20:00 AM,0,0.1052,8.184
11/25/2021,1:30:00 AM,0,0.1048,8.17
11/25/2021,1:40:00 AM,0,0.1035,8.154
11/25/2021,1:50:00 AM,0,0.1037,8.137
11/25/2021,2:00:00 AM,0,0.1046,8.121
11/25/2021,2:10:00 AM,0,0.1038,8.104
11/25/2021,2:20:00 AM,0,0.1037,8.085
11/25/2021,2:30:00 AM,0,0.1032,8.064
11/25/2021,2:40:00 AM,0,0.1041,8.044
11/25/2021,2:50:00 AM,0,0.1054,8.026
11/25/2021,3:00:00 AM,0,0.1035,8.005
11/25/2021,3:10:00 AM,0,0.1031,7.984
11/25/2021,3:20:00 AM,0,0.1037,7.965
11/25/2021,3:30:00 AM,0,0.1026,7.947
11/25/2021,3:40:00 AM,0,0.1027,7.926
11/25/2021,3:50:00 AM,0,0.1026,7.904
11/25/2021,4:00:00 AM,0,0.103,7.884
11/25/2021,4:10:00 AM,0,0.1033,7.869
11/25/2021,4:20:00 AM,0,0.103,7.857
11/25/2021,4:30:00 AM,0,0.1029,7.845
11/25/2021,4:40:00 AM,0,0.1021,7.833
11/25/2021,4:50:00 AM,0,0.1016,7.82
11/25/2021,5:00:00 AM,0,0.1033,7.806
11/25/2021,5:10:00 AM,0,0.1027,7.795
11/25/2021,5:20:00 AM,0,0.1022,7.787
11/25/2021,5:30:00 AM,0,0.1026,7.781
11/25/2021,5:40:00 AM,0,0.1036,7.774
11/25/2021,5:50:00 AM,0,0.1026,7.77
11/25/2021,6:00:00 AM,0,0.1013,7.764
11/25/2021,6:10:00 AM,0,0.1013,7.756
11/25/2021,6:20:00 AM,0,0.1021,7.746
11/25/2021,6:30:00 AM,0,0.1025,7.738
11/25/2021,6:40:00 AM,0,0.1025,7.733
11/25/2021,6:50:00 AM,0,0.103,7.73
11/25/2021,7:00:00 AM,0,0.1012,7.726
11/25/2021,7:10:00 AM,0,0.1033,7.719
11/25/2021,7:20:00 AM,0,0.1025,7.713
11/25/2021,7:30:00 AM,0,0.1009,7.707
11/25/2021,7:40:00 AM,0,0.1025,7.699
11/25/2021,7:50:00 AM,0,0.1016,7.69
11/25/2021,8:00:00 AM,0,0.1018,7.682
11/25/2021,8:10:00 AM,0,0.1003,7.675
11/25/2021,8:20:00 AM,0,0.1015,7.668
11/25/2021,8:30:00 AM,0,0.1013,7.661
11/25/2021,8:40:00 AM,0,0.1019,7.652
11/25/2021,8:50:00 AM,0,0.1026,7.648
11/25/2021,9:00:00 AM,0,0.1016,7.646
11/25/2021,9:10:00 AM,0,0.1035,7.65
11/25/2021,9:20:00 AM,0,0.1041,7.657
11/25/2021,9:30:00 AM,0,0.1035,7.667
11/25/2021,9:40:00 AM,0,0.1035,7.678
11/25/2021,9:50:00 AM,0,0.1052,7.689
11/25/2021,10:00:00 AM,0,0.1046,7.699
11/25/2021,10:10:00 AM,0,0.1042,7.712
11/25/2021,10:20:00 AM,0,0.1048,7.725
11/25/2021,10:30:00 AM,0,0.1072,7.737
11/25/2021,10:40:00 AM,0,0.1054,7.75
11/25/2021,10:50:00 AM,0,0.1057,7.765
11/25/2021,11:00:00 AM,0,0.1048,7.785
11/25/2021,11:10:00 AM,0,0.1059,7.805
11/25/2021,11:20:00 AM,0,0.1073,7.826
11/25/2021,11:30:00 AM,0,0.1057,7.851
11/25/2021,11:40:00 AM,0,0.1074,7.881
11/25/2021,11:50:00 AM,0,0.1071,7.914
11/25/2021,12:00:00 PM,0,0.1081,7.949
11/25/2021,12:10:00 PM,0,0.1079,7.989
11/25/2021,12:20:00 PM,0,0.1072,8.03
11/25/2021,12:30:00 PM,0,0.1077,8.071
11/25/2021,12:40:00 PM,0,0.1093,8.115
11/25/2021,12:50:00 PM,0,0.1091,8.161
11/25/2021,1:00:00 PM,0,0.1096,8.202
11/25/2021,1:10:00 PM,0,0.1085,8.244
11/25/2021,1:20:00 PM,0,0.1095,8.286
11/25/2021,1:30:00 PM,0,0.109,8.325
11/25/2021,1:40:00 PM,0,0.1078,8.36
11/25/2021,1:50:00 PM,0,0.1085,8.394
11/25/2021,2:00:00 PM,0,0.1089,8.429
11/25/2021,2:10:00 PM,0,0.1093,8.462
11/25/2021,2:20:00 PM,0,0.1086,8.494
11/25/2021,2:30:00 PM,0,0.1088,8.526
11/25/2021,2:40:00 PM,0,0.1082,8.559
11/25/2021,2:50:00 PM,0,0.1081,8.592
11/25/2021,3:00:00 PM,0,0.1078,8.625
11/25/2021,3:10:00 PM,0,0.1081,8.654
11/25/2021,3:20:00 PM,0,0.1076,8.684
11/25/2021,3:30:00 PM,0,0.1076,8.712
11/25/2021,3:40:00 PM,0,0.1079,8.736
11/25/2021,3:50:00 PM,0,0.1072,8.757
11/25/2021,4:00:00 PM,0,0.1069,8.772
11/25/2021,4:10:00 PM,0,0.1062,8.783
11/25/2021,4:20:00 PM,0,0.1069,8.792
11/25/2021,4:30:00 PM,0,0.1069,8.795
11/25/2021,4:40:00 PM,0,0.1056,8.794
11/25/2021,4:50:00 PM,0,0.1053,8.79
11/25/2021,5:00:00 PM,0,0.1044,8.783
11/25/2021,5:10:00 PM,0,0.1063,8.779
11/25/2021,5:20:00 PM,0,0.1071,8.777
11/25/2021,5:30:00 PM,0,0.1068,8.775
11/25/2021,5:40:00 PM,0,0.1066,8.775
11/25/2021,5:50:00 PM,0,0.1056,8.776
11/25/2021,6:00:00 PM,0,0.1054,8.778
11/25/2021,6:10:00 PM,0,0.1044,8.78
11/25/2021,6:20:00 PM,0,0.105,8.783
11/25/2021,6:30:00 PM,0,0.106,8.785
11/25/2021,6:40:00 PM,0,0.1088,8.79
11/25/2021,6:50:00 PM,0,0.1061,8.795
11/25/2021,7:00:00 PM,0,0.107,8.802
11/25/2021,7:10:00 PM,0,0.1072,8.809
11/25/2021,7:20:00 PM,0,0.1046,8.816
11/25/2021,7:30:00 PM,0,0.1056,8.824
11/25/2021,7:40:00 PM,0,0.1066,8.832
11/25/2021,7:50:00 PM,0,0.1068,8.843
11/25/2021,8:00:00 PM,0,0.106,8.855
11/25/2021,8:10:00 PM,0,0.1056,8.868
11/25/2021,8:20:00 PM,0,0.1064,8.88
11/25/2021,8:30:00 PM,0,0.1062,8.893
11/25/2021,8:40:00 PM,0,0.1061,8.904
11/25/2021,8:50:00 PM,0,0.1059,8.916
11/25/2021,9:00:00 PM,0,0.1065,8.927
11/25/2021,9:10:00 PM,0,0.1061,8.939
11/25/2021,9:20:00 PM,0,0.1078,8.948
11/25/2021,9:30:00 PM,0,0.1072,8.958
11/25/2021,9:40:00 PM,0,0.1066,8.966
11/25/2021,9:50:00 PM,0,0.1056,8.973
11/25/2021,10:00:00 PM,0,0.105,8.98
11/25/2021,10:10:00 PM,0,0.1101,8.985
11/25/2021,10:20:00 PM,0,0.1088,8.985
11/25/2021,10:30:00 PM,0,0.11,8.988
11/25/2021,10:40:00 PM,0,0.109,8.993
11/25/2021,10:50:00 PM,0,0.112,8.998
11/25/2021,11:00:00 PM,0,0.1122,9.003
11/25/2021,11:10:00 PM,0,0.1155,9.007
11/25/2021,11:20:00 PM,0,0.1154,9.01
11/25/2021,11:30:00 PM,0,0.1155,9.013
11/25/2021,11:40:00 PM,0,0.1179,9.017
11/25/2021,11:50:00 PM,0,0.1202,9.021
11/26/2021,12:00:00 AM,0,0.1199,9.024
11/26/2021,12:10:00 AM,0,0.1205,9.028
11/26/2021,12:20:00 AM,0,0.1217,9.035
11/26/2021,12:30:00 AM,0,0.1227,9.041
11/26/2021,12:40:00 AM,0,0.1241,9.046
11/26/2021,12:50:00 AM,0,0.1257,9.05
11/26/2021,1:00:00 AM,0,0.1257,9.051
11/26/2021,1:10:00 AM,0,0.1261,9.053
11/26/2021,1:20:00 AM,0,0.1264,9.054
11/26/2021,1:30:00 AM,0,0.1279,9.057
11/26/2021,1:40:00 AM,0,0.1268,9.059
11/26/2021,1:50:00 AM,0,0.1279,9.062
11/26/2021,2:00:00 AM,0,0.1275,9.064
11/26/2021,2:10:00 AM,0,0.1285,9.067
11/26/2021,2:20:00 AM,0,0.1301,9.07
11/26/2021,2:30:00 AM,0,0.1308,9.072
11/26/2021,2:40:00 AM,0,0.1316,9.073
11/26/2021,2:50:00 AM,0,0.1331,9.076
11/26/2021,3:00:00 AM,0,0.1328,9.08
11/26/2021,3:10:00 AM,0,0.1345,9.084
11/26/2021,3:20:00 AM,0,0.1344,9.088
11/26/2021,3:30:00 AM,0,0.1351,9.093
11/26/2021,3:40:00 AM,0,0.1355,9.099
11/26/2021,3:50:00 AM,0,0.1358,9.105
11/26/2021,4:00:00 AM,0,0.1373,9.112
11/26/2021,4:10:00 AM,0,0.136,9.12
11/26/2021,4:20:00 AM,0,0.1376,9.126
11/26/2021,4:30:00 AM,0,0.1364,9.134
11/26/2021,4:40:00 AM,0,0.1374,9.141
11/26/2021,4:50:00 AM,0,0.1377,9.149
11/26/2021,5:00:00 AM,0,0.1369,9.157
11/26/2021,5:10:00 AM,0,0.1375,9.165
11/26/2021,5:20:00 AM,0,0.1397,9.173
11/26/2021,5:30:00 AM,0,0.1381,9.181
11/26/2021,5:40:00 AM,0,0.1397,9.189
11/26/2021,5:50:00 AM,0,0.1404,9.198
11/26/2021,6:00:00 AM,0,0.1412,9.207
11/26/2021,6:10:00 AM,0,0.1409,9.216
11/26/2021,6:20:00 AM,0,0.1417,9.224
11/26/2021,6:30:00 AM,0,0.1424,9.232
11/26/2021,6:40:00 AM,0,0.143,9.241
11/26/2021,6:50:00 AM,0,0.1438,9.25
11/26/2021,7:00:00 AM,0,0.143,9.26
11/26/2021,7:10:00 AM,0,0.1427,9.269
11/26/2021,7:20:00 AM,0,0.1418,9.278
11/26/2021,7:30:00 AM,0,0.1423,9.287
11/26/2021,7:40:00 AM,0,0.1432,9.295
11/26/2021,7:50:00 AM,0,0.1419,9.303
11/26/2021,8:00:00 AM,0,0.1419,9.312
11/26/2021,8:10:00 AM,0,0.1421,9.322
11/26/2021,8:20:00 AM,0,0.1417,9.332
11/26/2021,8:30:00 AM,0,0.1408,9.345
11/26/2021,8:40:00 AM,0,0.1405,9.359
11/26/2021,8:50:00 AM,0,0.1395,9.375
11/26/2021,9:00:00 AM,0,0.1392,9.39
11/26/2021,9:10:00 AM,0,0.1396,9.407
11/26/2021,9:20:00 AM,0,0.1392,9.425
11/26/2021,9:30:00 AM,0,0.14,9.444
11/26/2021,9:40:00 AM,0,0.1388,9.464
11/26/2021,9:50:00 AM,0,0.1378,9.485
11/26/2021,10:00:00 AM,0,0.1383,9.505
11/26/2021,10:10:00 AM,0,0.1385,9.526
11/26/2021,10:20:00 AM,0,0.1378,9.549
11/26/2021,10:30:00 AM,0,0.1375,9.572
11/26/2021,10:40:00 AM,0,0.1383,9.597
11/26/2021,10:50:00 AM,0,0.1378,9.623
11/26/2021,11:00:00 AM,0,0.1374,9.649
11/26/2021,11:10:00 AM,0,0.1373,9.676
11/26/2021,11:20:00 AM,0,0.1385,9.705
11/26/2021,11:30:00 AM,0,0.1374,9.735
11/26/2021,11:40:00 AM,0,0.1376,9.763
11/26/2021,11:50:00 AM,0,0.1375,9.792
11/26/2021,12:00:00 PM,0,0.1369,9.817
11/26/2021,12:10:00 PM,0,0.1367,9.843
11/26/2021,12:20:00 PM,0,0.1377,9.87
11/26/2021,12:30:00 PM,0,0.137,9.899
11/26/2021,12:40:00 PM,0,0.1368,9.926
11/26/2021,12:50:00 PM,0,0.1361,9.952
11/26/2021,1:00:00 PM,0,0.136,9.975
11/26/2021,1:10:00 PM,0,0.1358,9.999
11/26/2021,1:20:00 PM,0,0.1365,10.022
11/26/2021,1:30:00 PM,0,0.137,10.045
11/26/2021,1:40:00 PM,0,0.1362,10.068
11/26/2021,1:50:00 PM,0,0.136,10.088
11/26/2021,2:00:00 PM,0,0.1362,10.106
11/26/2021,2:10:00 PM,0,0.1357,10.12
11/26/2021,2:20:00 PM,0,0.1361,10.132
11/26/2021,2:30:00 PM,0,0.137,10.148
11/26/2021,2:40:00 PM,0,0.136,10.167
11/26/2021,2:50:00 PM,0,0.1367,10.185
11/26/2021,3:00:00 PM,0,0.1354,10.198
11/26/2021,3:10:00 PM,0,0.1357,10.208
11/26/2021,3:20:00 PM,0,0.1361,10.219
11/26/2021,3:30:00 PM,0,0.1356,10.223
11/26/2021,3:40:00 PM,0,0.1356,10.224
11/26/2021,3:50:00 PM,0,0.1365,10.225
11/26/2021,4:00:00 PM,0,0.1355,10.224
11/26/2021,4:10:00 PM,0,0.135,10.22
11/26/2021,4:20:00 PM,0,0.1346,10.213
11/26/2021,4:30:00 PM,0,0.1354,10.205
11/26/2021,4:40:00 PM,0,0.1358,10.197
11/26/2021,4:50:00 PM,0,0.1345,10.19
11/26/2021,5:00:00 PM,0,0.1345,10.182
11/26/2021,5:10:00 PM,0,0.1355,10.173
11/26/2021,5:20:00 PM,0,0.1339,10.165
11/26/2021,5:30:00 PM,0,0.1359,10.157
11/26/2021,5:40:00 PM,0,0.1341,10.15
11/26/2021,5:50:00 PM,0,0.135,10.142
11/26/2021,6:00:00 PM,0,0.1351,10.134
11/26/2021,6:10:00 PM,0,0.1352,10.126
11/26/2021,6:20:00 PM,0,0.1347,10.115
11/26/2021,6:30:00 PM,0,0.1342,10.106
11/26/2021,6:40:00 PM,0,0.1339,10.096
11/26/2021,6:50:00 PM,0,0.1354,10.089
11/26/2021,7:00:00 PM,0,0.1347,10.081
11/26/2021,7:10:00 PM,0,0.134,10.072
11/26/2021,7:20:00 PM,0,0.1349,10.064
11/26/2021,7:30:00 PM,0,0.134,10.057
11/26/2021,7:40:00 PM,0,0.1351,10.05
11/26/2021,7:50:00 PM,0,0.1346,10.043
11/26/2021,8:00:00 PM,0,0.1347,10.037
11/26/2021,8:10:00 PM,0,0.135,10.03
11/26/2021,8:20:00 PM,0,0.1342,10.021
11/26/2021,8:30:00 PM,0,0.1341,10.014
11/26/2021,8:40:00 PM,0,0.1338,10.007
11/26/2021,8:50:00 PM,0,0.1351,10.001
11/26/2021,9:00:00 PM,0,0.1344,9.996
11/26/2021,9:10:00 PM,0,0.134,9.991
11/26/2021,9:20:00 PM,0,0.135,9.987
11/26/2021,9:30:00 PM,0,0.134,9.984
11/26/2021,9:40:00 PM,0,0.1347,9.982
11/26/2021,9:50:00 PM,0,0.134,9.98
11/26/2021,10:00:00 PM,0,0.1353,9.979
11/26/2021,10:10:00 PM,0,0.1348,9.978
11/26/2021,10:20:00 PM,0,0.1359,9.977
11/26/2021,10:30:00 PM,0,0.1339,9.976
11/26/2021,10:40:00 PM,0,0.1355,9.976
11/26/2021,10:50:00 PM,0,0.1353,9.976
11/26/2021,11:00:00 PM,0,0.135,9.976
11/26/2021,11:10:00 PM,0,0.135,9.977
11/26/2021,11:20:00 PM,0,0.1342,9.978
11/26/2021,11:30:00 PM,0,0.1351,9.977
11/26/2021,11:40:00 PM,0,0.1355,9.979
11/26/2021,11:50:00 PM,0,0.1348,9.98
11/27/2021,12:00:00 AM,0,0.1363,9.981
11/27/2021,12:10:00 AM,0,0.1345,9.98
11/27/2021,12:20:00 AM,0,0.1346,9.981
11/27/2021,12:30:00 AM,0,0.1343,9.981
11/27/2021,12:40:00 AM,0,0.1347,9.982
11/27/2021,12:50:00 AM,0,0.1358,9.983
11/27/2021,1:00:00 AM,0,0.1346,9.983
11/27/2021,1:10:00 AM,0,0.1356,9.982
11/27/2021,1:20:00 AM,0,0.1362,9.983
11/27/2021,1:30:00 AM,0,0.1352,9.984
11/27/2021,1:40:00 AM,0,0.1363,9.985
11/27/2021,1:50:00 AM,0,0.1357,9.986
11/27/2021,2:00:00 AM,0,0.1365,9.988
11/27/2021,2:10:00 AM,0,0.1358,9.989
11/27/2021,2:20:00 AM,0,0.1366,9.989
11/27/2021,2:30:00 AM,0,0.1356,9.991
11/27/2021,2:40:00 AM,0,0.135,9.993
11/27/2021,2:50:00 AM,0,0.1358,9.994
11/27/2021,3:00:00 AM,0,0.1373,9.996
11/27/2021,3:10:00 AM,0,0.1355,9.998
11/27/2021,3:20:00 AM,0,0.1359,10
11/27/2021,3:30:00 AM,0,0.137,10.002
11/27/2021,3:40:00 AM,0,0.1351,10.004
11/27/2021,3:50:00 AM,0,0.1369,10.006
11/27/2021,4:00:00 AM,0,0.1363,10.007
11/27/2021,4:10:00 AM,0,0.1337,10.009
11/27/2021,4:20:00 AM,0,0.1365,10.012
11/27/2021,4:30:00 AM,0,0.1365,10.014
11/27/2021,4:40:00 AM,0,0.1369,10.016
11/27/2021,4:50:00 AM,0,0.1365,10.018
11/27/2021,5:00:00 AM,0,0.1366,10.021
11/27/2021,5:10:00 AM,0,0.1366,10.023
11/27/2021,5:20:00 AM,0,0.1369,10.026
11/27/2021,5:30:00 AM,0,0.1366,10.029
11/27/2021,5:40:00 AM,0,0.1355,10.031
11/27/2021,5:50:00 AM,0,0.1359,10.034
11/27/2021,6:00:00 AM,0,0.1364,10.037
11/27/2021,6:10:00 AM,0,0.1361,10.039
11/27/2021,6:20:00 AM,0,0.1378,10.043
11/27/2021,6:30:00 AM,0,0.1353,10.045
11/27/2021,6:40:00 AM,0,0.1375,10.048
11/27/2021,6:50:00 AM,0,0.1363,10.051
11/27/2021,7:00:00 AM,0,0.1368,10.054
11/27/2021,7:10:00 AM,0,0.1364,10.057
11/27/2021,7:20:00 AM,0,0.1367,10.061
11/27/2021,7:30:00 AM,0,0.1365,10.064
11/27/2021,7:40:00 AM,0,0.1359,10.067
11/27/2021,7:50:00 AM,0,0.1366,10.071
11/27/2021,8:00:00 AM,0,0.1361,10.075
11/27/2021,8:10:00 AM,0,0.1365,10.079
11/27/2021,8:20:00 AM,0,0.1371,10.084
11/27/2021,8:30:00 AM,0,0.1373,10.09
11/27/2021,8:40:00 AM,0,0.1365,10.097
11/27/2021,8:50:00 AM,0,0.1365,10.104
11/27/2021,9:00:00 AM,0,0.1382,10.112
11/27/2021,9:10:00 AM,0,0.1387,10.121
11/27/2021,9:20:00 AM,0,0.1363,10.132
11/27/2021,9:30:00 AM,0,0.1371,10.143
11/27/2021,9:40:00 AM,0,0.1363,10.154
11/27/2021,9:50:00 AM,0,0.1374,10.166
11/27/2021,10:00:00 AM,0,0.1372,10.178
11/27/2021,10:10:00 AM,0,0.1374,10.192
11/27/2021,10:20:00 AM,0,0.1394,10.206
11/27/2021,10:30:00 AM,0,0.1398,10.223
11/27/2021,10:40:00 AM,0,0.1399,10.24
11/27/2021,10:50:00 AM,0,0.1408,10.258
11/27/2021,11:00:00 AM,0,0.1411,10.279
11/27/2021,11:10:00 AM,0,0.1425,10.298
11/27/2021,11:20:00 AM,0,0.1423,10.318
11/27/2021,11:30:00 AM,0,0.1438,10.337
11/27/2021,11:40:00 AM,0,0.1433,10.358
11/27/2021,11:50:00 AM,0,0.1427,10.38
11/27/2021,12:00:00 PM,0,0.1431,10.401
11/27/2021,12:10:00 PM,0,0.1434,10.423
11/27/2021,12:20:00 PM,0,0.1435,10.443
11/27/2021,12:30:00 PM,0,0.1452,10.461
11/27/2021,12:40:00 PM,0,0.147,10.48
11/27/2021,12:50:00 PM,0,0.1486,10.498
11/27/2021,1:00:00 PM,0,0.1507,10.515
11/27/2021,1:10:00 PM,0,0.1531,10.538
11/27/2021,1:20:00 PM,0,0.1567,10.557
11/27/2021,1:30:00 PM,0,0.1577,10.573
11/27/2021,1:40:00 PM,0,0.1595,10.59
11/27/2021,1:50:00 PM,0,0.1643,10.609
11/27/2021,2:00:00 PM,0,0.1678,10.625
11/27/2021,2:10:00 PM,0,0.1695,10.635
11/27/2021,2:20:00 PM,0,0.1699,10.643
11/27/2021,2:30:00 PM,0,0.1724,10.648
11/27/2021,2:40:00 PM,0,0.1765,10.658
11/27/2021,2:50:00 PM,0,0.1778,10.666
11/27/2021,3:00:00 PM,0,0.1812,10.672
11/27/2021,3:10:00 PM,0,0.1831,10.675
11/27/2021,3:20:00 PM,0,0.1872,10.68
11/27/2021,3:30:00 PM,0,0.1898,10.684
11/27/2021,3:40:00 PM,0,0.1922,10.688
11/27/2021,3:50:00 PM,0,0.1965,10.69
11/27/2021,4:00:00 PM,0,0.1987,10.695
11/27/2021,4:10:00 PM,0,0.2025,10.697
11/27/2021,4:20:00 PM,0,0.2053,10.706
11/27/2021,4:30:00 PM,0,0.2072,10.71
11/27/2021,4:40:00 PM,0,0.2103,10.713
11/27/2021,4:50:00 PM,0,0.2161,10.716
11/27/2021,5:00:00 PM,0,0.2193,10.723
11/27/2021,5:10:00 PM,0,0.2225,10.736
11/27/2021,5:20:00 PM,0,0.2252,10.749
11/27/2021,5:30:00 PM,0,0.2284,10.756
11/27/2021,5:40:00 PM,0,0.2301,10.759
11/27/2021,5:50:00 PM,0,0.2346,10.761
11/27/2021,6:00:00 PM,0,0.2376,10.762
11/27/2021,6:10:00 PM,0,0.2368,10.759
11/27/2021,6:20:00 PM,0,0.2342,10.759
11/27/2021,6:30:00 PM,0,0.236,10.759
11/27/2021,6:40:00 PM,0,0.234,10.759
11/27/2021,6:50:00 PM,0,0.2346,10.759
11/27/2021,7:00:00 PM,0,0.2345,10.758
11/27/2021,7:10:00 PM,0,0.2324,10.753
11/27/2021,7:20:00 PM,0,0.2319,10.748
11/27/2021,7:30:00 PM,0,0.2301,10.742
11/27/2021,7:40:00 PM,0,0.2288,10.734
11/27/2021,7:50:00 PM,0,0.2268,10.728
11/27/2021,8:00:00 PM,0,0.2286,10.721
11/27/2021,8:10:00 PM,0,0.2273,10.72
11/27/2021,8:20:00 PM,0,0.2267,10.719
11/27/2021,8:30:00 PM,0,0.2265,10.716
11/27/2021,8:40:00 PM,0,0.224,10.712
11/27/2021,8:50:00 PM,0,0.2242,10.707
11/27/2021,9:00:00 PM,0,0.2261,10.701
11/27/2021,9:10:00 PM,0,0.2247,10.697
11/27/2021,9:20:00 PM,0,0.2255,10.693
11/27/2021,9:30:00 PM,0,0.2248,10.688
11/27/2021,9:40:00 PM,0,0.2257,10.683
11/27/2021,9:50:00 PM,0,0.2246,10.679
11/27/2021,10:00:00 PM,0,0.2256,10.675
11/27/2021,10:10:00 PM,0,0.2247,10.669
11/27/2021,10:20:00 PM,0,0.227,10.664
11/27/2021,10:30:00 PM,0,0.2245,10.66
11/27/2021,10:40:00 PM,0,0.2275,10.657
11/27/2021,10:50:00 PM,0,0.2276,10.654
11/27/2021,11:00:00 PM,0,0.2271,10.652
11/27/2021,11:10:00 PM,0,0.2291,10.649
11/27/2021,11:20:00 PM,0,0.2263,10.648
11/27/2021,11:30:00 PM,0,0.2284,10.646
11/27/2021,11:40:00 PM,0,0.2276,10.643
11/27/2021,11:50:00 PM,0,0.2294,10.641
11/28/2021,12:00:00 AM,0,0.2281,10.64
11/28/2021,12:10:00 AM,0,0.2283,10.639
11/28/2021,12:20:00 AM,0,0.2302,10.638
11/28/2021,12:30:00 AM,0,0.231,10.635
11/28/2021,12:40:00 AM,0,0.2308,10.633
11/28/2021,12:50:00 AM,0,0.2307,10.63
11/28/2021,1:00:00 AM,0,0.2324,10.625
11/28/2021,1:10:00 AM,0,0.2313,10.621
11/28/2021,1:20:00 AM,0,0.2312,10.618
11/28/2021,1:30:00 AM,0,0.2304,10.613
11/28/2021,1:40:00 AM,0,0.2302,10.609
11/28/2021,1:50:00 AM,0,0.2329,10.604
11/28/2021,2:00:00 AM,0,0.2344,10.599
11/28/2021,2:10:00 AM,0,0.2333,10.594
11/28/2021,2:20:00 AM,0,0.2338,10.589
11/28/2021,2:30:00 AM,0,0.2353,10.584
11/28/2021,2:40:00 AM,0,0.234,10.58
11/28/2021,2:50:00 AM,0,0.2351,10.576
11/28/2021,3:00:00 AM,0,0.2349,10.573
11/28/2021,3:10:00 AM,0,0.2327,10.569
11/28/2021,3:20:00 AM,0,0.2348,10.566
11/28/2021,3:30:00 AM,0,0.2345,10.562
11/28/2021,3:40:00 AM,0,0.2356,10.558
11/28/2021,3:50:00 AM,0,0.2366,10.555
11/28/2021,4:00:00 AM,0,0.2356,10.554
11/28/2021,4:10:00 AM,0,0.2379,10.551
11/28/2021,4:20:00 AM,0,0.2365,10.549
11/28/2021,4:30:00 AM,0,0.2346,10.545
11/28/2021,4:40:00 AM,0,0.2358,10.542
11/28/2021,4:50:00 AM,0,0.2372,10.539
11/28/2021,5:00:00 AM,0,0.2361,10.535
11/28/2021,5:10:00 AM,0,0.2374,10.533
11/28/2021,5:20:00 AM,0,0.2356,10.529
11/28/2021,5:30:00 AM,0,0.2376,10.526
11/28/2021,5:40:00 AM,0,0.2359,10.522
11/28/2021,5:50:00 AM,0,0.2384,10.517
11/28/2021,6:00:00 AM,0,0.2366,10.513
11/28/2021,6:10:00 AM,0,0.2381,10.509
11/28/2021,6:20:00 AM,0,0.2376,10.505
11/28/2021,6:30:00 AM,0,0.2401,10.502
11/28/2021,6:40:00 AM,0,0.2384,10.499
11/28/2021,6:50:00 AM,0,0.2379,10.496
11/28/2021,7:00:00 AM,0,0.2388,10.493
11/28/2021,7:10:00 AM,0,0.2384,10.491
11/28/2021,7:20:00 AM,0,0.2379,10.489
11/28/2021,7:30:00 AM,0,0.239,10.487
11/28/2021,7:40:00 AM,0,0.2399,10.484
11/28/2021,7:50:00 AM,0,0.2403,10.483
11/28/2021,8:00:00 AM,0,0.2391,10.481
11/28/2021,8:10:00 AM,0,0.2393,10.48
11/28/2021,8:20:00 AM,0,0.2385,10.48
11/28/2021,8:30:00 AM,0,0.2384,10.481
11/28/2021,8:40:00 AM,0,0.2397,10.482
11/28/2021,8:50:00 AM,0,0.2385,10.486
11/28/2021,9:00:00 AM,0,0.24,10.491
11/28/2021,9:10:00 AM,0,0.2393,10.492
11/28/2021,9:20:00 AM,0,0.2376,10.496
11/28/2021,9:30:00 AM,0,0.2381,10.501
11/28/2021,9:40:00 AM,0,0.238,10.508
11/28/2021,9:50:00 AM,0,0.2354,10.517
11/28/2021,10:00:00 AM,0,0.2381,10.522
11/28/2021,10:10:00 AM,0,0.2405,10.532
11/28/2021,10:20:00 AM,0,0.2376,10.546
11/28/2021,10:30:00 AM,0,0.2366,10.561
11/28/2021,10:40:00 AM,0,0.2351,10.572
11/28/2021,10:50:00 AM,0,0.2361,10.579
11/28/2021,11:00:00 AM,0,0.2377,10.585
11/28/2021,11:10:00 AM,0,0.2358,10.594
11/28/2021,11:20:00 AM,0,0.2381,10.608
11/28/2021,11:30:00 AM,0,0.2372,10.627
11/28/2021,11:40:00 AM,0,0.2368,10.647
11/28/2021,11:50:00 AM,0,0.236,10.664
11/28/2021,12:00:00 PM,0,0.2359,10.68
11/28/2021,12:10:00 PM,0,0.2368,10.692
11/28/2021,12:20:00 PM,0,0.2368,10.699
11/28/2021,12:30:00 PM,0,0.2361,10.704
11/28/2021,12:40:00 PM,0,0.2345,10.709
11/28/2021,12:50:00 PM,0,0.2356,10.715
11/28/2021,1:00:00 PM,0,0.235,10.717
11/28/2021,1:10:00 PM,0,0.2345,10.717
11/28/2021,1:20:00 PM,0,0.2345,10.73
11/28/2021,1:30:00 PM,0,0.2361,10.748
11/28/2021,1:40:00 PM,0,0.234,10.769
11/28/2021,1:50:00 PM,0,0.2364,10.787
11/28/2021,2:00:00 PM,0,0.2337,10.799
11/28/2021,2:10:00 PM,0,0.2331,10.811
11/28/2021,2:20:00 PM,0,0.2313,10.816
11/28/2021,2:30:00 PM,0,0.2331,10.815
11/28/2021,2:40:00 PM,0,0.2326,10.809
11/28/2021,2:50:00 PM,0,0.2315,10.8
11/28/2021,3:00:00 PM,0,0.2334,10.79
11/28/2021,3:10:00 PM,0,0.2307,10.78
11/28/2021,3:20:00 PM,0,0.2312,10.772
11/28/2021,3:30:00 PM,0,0.2308,10.763
11/28/2021,3:40:00 PM,0,0.2298,10.753
11/28/2021,3:50:00 PM,0,0.23,10.742
11/28/2021,4:00:00 PM,0,0.2285,10.728
11/28/2021,4:10:00 PM,0,0.2306,10.715
11/28/2021,4:20:00 PM,0,0.229,10.701
11/28/2021,4:30:00 PM,0,0.2295,10.688
11/28/2021,4:40:00 PM,0,0.2273,10.676
11/28/2021,4:50:00 PM,0,0.2283,10.664
11/28/2021,5:00:00 PM,0,0.2277,10.653
11/28/2021,5:10:00 PM,0,0.2282,10.642
11/28/2021,5:20:00 PM,0,0.2278,10.631
11/28/2021,5:30:00 PM,0,0.2286,10.62
11/28/2021,5:40:00 PM,0,0.228,10.61
11/28/2021,5:50:00 PM,0,0.2262,10.6
11/28/2021,6:00:00 PM,0,0.2271,10.591
11/28/2021,6:10:00 PM,0,0.2257,10.583
11/28/2021,6:20:00 PM,0,0.2283,10.573
11/28/2021,6:30:00 PM,0,0.2268,10.565
11/28/2021,6:40:00 PM,0,0.227,10.556
11/28/2021,6:50:00 PM,0,0.2253,10.546
11/28/2021,7:00:00 PM,0,0.2243,10.537
11/28/2021,7:10:00 PM,0,0.2262,10.528
11/28/2021,7:20:00 PM,0,0.2242,10.521
11/28/2021,7:30:00 PM,0,0.2251,10.514
11/28/2021,7:40:00 PM,0,0.2227,10.507
11/28/2021,7:50:00 PM,0,0.224,10.501
11/28/2021,8:00:00 PM,0,0.225,10.495
11/28/2021,8:10:00 PM,0,0.2231,10.489
11/28/2021,8:20:00 PM,0,0.2226,10.486
11/28/2021,8:30:00 PM,0,0.2218,10.482
11/28/2021,8:40:00 PM,0,0.2206,10.479
11/28/2021,8:50:00 PM,0,0.221,10.477
11/28/2021,9:00:00 PM,0,0.2205,10.475
11/28/2021,9:10:00 PM,0,0.2204,10.474
11/28/2021,9:20:00 PM,0,0.2198,10.473
11/28/2021,9:30:00 PM,0,0.2181,10.472
11/28/2021,9:40:00 PM,0,0.2192,10.471
11/28/2021,9:50:00 PM,0,0.2188,10.471
11/28/2021,10:00:00 PM,0,0.219,10.471
11/28/2021,10:10:00 PM,0,0.22,10.471
11/28/2021,10:20:00 PM,0,0.2192,10.471
11/28/2021,10:30:00 PM,0,0.2181,10.471
11/28/2021,10:40:00 PM,0,0.2189,10.471
11/28/2021,10:50:00 PM,0,0.2188,10.471
11/28/2021,11:00:00 PM,0,0.2177,10.47
11/28/2021,11:10:00 PM,0,0.2191,10.47
11/28/2021,11:20:00 PM,0,0.2167,10.469
11/28/2021,11:30:00 PM,0,0.2164,10.469
11/28/2021,11:40:00 PM,0,0.2166,10.468
11/28/2021,11:50:00 PM,0,0.2181,10.468
11/29/2021,12:00:00 AM,0,0.2177,10.467
11/29/2021,12:10:00 AM,0,0.2177,10.467
11/29/2021,12:20:00 AM,0,0.2157,10.468
11/29/2021,12:30:00 AM,0,0.217,10.467
11/29/2021,12:40:00 AM,0,0.218,10.467
11/29/2021,12:50:00 AM,0,0.2164,10.467
11/29/2021,1:00:00 AM,0,0.2175,10.467
11/29/2021,1:10:00 AM,0,0.2178,10.467
11/29/2021,1:20:00 AM,0,0.216,10.467
11/29/2021,1:30:00 AM,0,0.2177,10.467
11/29/2021,1:40:00 AM,0,0.215,10.468
11/29/2021,1:50:00 AM,0,0.2178,10.468
11/29/2021,2:00:00 AM,0,0.2159,10.468
11/29/2021,2:10:00 AM,0,0.2166,10.469
11/29/2021,2:20:00 AM,0,0.2171,10.47
11/29/2021,2:30:00 AM,0,0.2178,10.471
11/29/2021,2:40:00 AM,0,0.2199,10.472
11/29/2021,2:50:00 AM,0,0.2216,10.473
11/29/2021,3:00:00 AM,0,0.2224,10.474
11/29/2021,3:10:00 AM,0,0.2215,10.475
11/29/2021,3:20:00 AM,0,0.2234,10.475
11/29/2021,3:30:00 AM,0,0.2229,10.477
11/29/2021,3:40:00 AM,0,0.2232,10.477
11/29/2021,3:50:00 AM,0,0.2228,10.478
11/29/2021,4:00:00 AM,0,0.2234,10.479
11/29/2021,4:10:00 AM,0,0.2241,10.479
11/29/2021,4:20:00 AM,0,0.2247,10.48
11/29/2021,4:30:00 AM,0,0.2242,10.48
11/29/2021,4:40:00 AM,0,0.2239,10.479
11/29/2021,4:50:00 AM,0,0.2228,10.479
11/29/2021,5:00:00 AM,0,0.2239,10.481
11/29/2021,5:10:00 AM,0,0.2245,10.481
11/29/2021,5:20:00 AM,0,0.2233,10.482
11/29/2021,5:30:00 AM,0,0.2264,10.483
11/29/2021,5:40:00 AM,0,0.2256,10.484
11/29/2021,5:50:00 AM,0,0.2262,10.484
11/29/2021,6:00:00 AM,0,0.2259,10.484
11/29/2021,6:10:00 AM,0,0.2268,10.486
11/29/2021,6:20:00 AM,0,0.2257,10.488
11/29/2021,6:30:00 AM,0,0.2263,10.489
11/29/2021,6:40:00 AM,0,0.2265,10.49
11/29/2021,6:50:00 AM,0,0.2247,10.491
11/29/2021,7:00:00 AM,0,0.2256,10.493
11/29/2021,7:10:00 AM,0,0.2274,10.495
11/29/2021,7:20:00 AM,0,0.2232,10.496
11/29/2021,7:30:00 AM,0,0.2282,10.498
11/29/2021,7:40:00 AM,0,0.2252,10.499
11/29/2021,7:50:00 AM,0,0.2211,10.501
11/29/2021,8:00:00 AM,0,0.2196,10.503
11/29/2021,8:10:00 AM,0,0.2188,10.504
11/29/2021,8:20:00 AM,0,0.2211,10.506
11/29/2021,8:30:00 AM,0,0.2184,10.508
11/29/2021,8:40:00 AM,0,0.2181,10.511
11/29/2021,8:50:00 AM,0,0.2179,10.514
11/29/2021,9:00:00 AM,0,0.2169,10.522
11/29/2021,9:10:00 AM,0,0.2164,10.531
11/29/2021,9:20:00 AM,0,0.2171,10.54
11/29/2021,9:30:00 AM,0,0.2151,10.55
11/29/2021,9:40:00 AM,0,0.2154,10.562
11/29/2021,9:50:00 AM,0,0.2162,10.575
11/29/2021,10:00:00 AM,0,0.2129,10.593
11/29/2021,10:10:00 AM,0,0.2155,10.611
11/29/2021,10:20:00 AM,0,0.2156,10.628
11/29/2021,10:30:00 AM,0,0.2146,10.647
11/29/2021,10:40:00 AM,0,0.214,10.666
11/29/2021,10:50:00 AM,0,0.2133,10.69
11/29/2021,11:00:00 AM,0,0.2133,10.714
11/29/2021,11:10:00 AM,0,0.2147,10.735
11/29/2021,11:20:00 AM,0,0.2123,10.753
11/29/2021,11:30:00 AM,0,0.2128,10.769
11/29/2021,11:40:00 AM,0,0.2127,10.79
11/29/2021,11:50:00 AM,0,0.2122,10.808
11/29/2021,12:00:00 PM,0,0.2141,10.82
11/29/2021,12:10:00 PM,0,0.2124,10.833
11/29/2021,12:20:00 PM,0,0.2113,10.844
11/29/2021,12:30:00 PM,0,0.2116,10.856
11/29/2021,12:40:00 PM,0,0.2105,10.867
11/29/2021,12:50:00 PM,0,0.2107,10.874
11/29/2021,1:00:00 PM,0,0.2106,10.884
11/29/2021,1:10:00 PM,0,0.2096,10.894
11/29/2021,1:20:00 PM,0,0.2105,10.902
11/29/2021,1:30:00 PM,0,0.2103,10.911
11/29/2021,1:40:00 PM,0,0.2092,10.922
11/29/2021,1:50:00 PM,0,0.2094,10.925
11/29/2021,2:00:00 PM,0,0.2068,10.93
11/29/2021,2:10:00 PM,0,0.2083,10.934
11/29/2021,2:20:00 PM,0,0.21,10.94
11/29/2021,2:30:00 PM,0,0.209,10.95
11/29/2021,2:40:00 PM,0,0.2106,10.957
11/29/2021,2:50:00 PM,0,0.2109,10.964
11/29/2021,3:00:00 PM,0,0.2085,10.966
11/29/2021,3:10:00 PM,0,0.2083,10.966
11/29/2021,3:20:00 PM,0,0.2084,10.964
11/29/2021,3:30:00 PM,0,0.2075,10.965
11/29/2021,3:40:00 PM,0,0.207,10.963
11/29/2021,3:50:00 PM,0,0.2074,10.958
11/29/2021,4:00:00 PM,0,0.2081,10.951
11/29/2021,4:10:00 PM,0,0.2079,10.946
11/29/2021,4:20:00 PM,0,0.2067,10.94
11/29/2021,4:30:00 PM,0,0.2053,10.93
11/29/2021,4:40:00 PM,0,0.2056,10.919
11/29/2021,4:50:00 PM,0,0.205,10.909
11/29/2021,5:00:00 PM,0,0.2033,10.897
11/29/2021,5:10:00 PM,0,0.2043,10.882
11/29/2021,5:20:00 PM,0,0.2033,10.87
11/29/2021,5:30:00 PM,0,0.2051,10.857
11/29/2021,5:40:00 PM,0,0.2036,10.845
11/29/2021,5:50:00 PM,0,0.2023,10.832
11/29/2021,6:00:00 PM,0,0.2035,10.819
11/29/2021,6:10:00 PM,0,0.2018,10.806
11/29/2021,6:20:00 PM,0,0.2021,10.789
11/29/2021,6:30:00 PM,0,0.2018,10.772
11/29/2021,6:40:00 PM,0,0.201,10.751
11/29/2021,6:50:00 PM,0,0.2006,10.726
11/29/2021,7:00:00 PM,0,0.2002,10.701
11/29/2021,7:10:00 PM,0,0.1984,10.676
11/29/2021,7:20:00 PM,0,0.1991,10.652
11/29/2021,7:30:00 PM,0,0.1994,10.629
11/29/2021,7:40:00 PM,0,0.1999,10.605
11/29/2021,7:50:00 PM,0,0.198,10.581
11/29/2021,8:00:00 PM,0,0.1978,10.555
11/29/2021,8:10:00 PM,0,0.1993,10.532
11/29/2021,8:20:00 PM,0,0.1968,10.509
11/29/2021,8:30:00 PM,0,0.1959,10.487
11/29/2021,8:40:00 PM,0,0.197,10.467
11/29/2021,8:50:00 PM,0,0.1953,10.448
11/29/2021,9:00:00 PM,0,0.1961,10.43
11/29/2021,9:10:00 PM,0,0.1968,10.414
11/29/2021,9:20:00 PM,0,0.1958,10.397
11/29/2021,9:30:00 PM,0,0.196,10.379
11/29/2021,9:40:00 PM,0,0.195,10.362
11/29/2021,9:50:00 PM,0,0.1945,10.347
11/29/2021,10:00:00 PM,0,0.1953,10.335
11/29/2021,10:10:00 PM,0,0.1929,10.324
11/29/2021,10:20:00 PM,0,0.192,10.315
11/29/2021,10:30:00 PM,0,0.195,10.305
11/29/2021,10:40:00 PM,0,0.1952,10.3
11/29/2021,10:50:00 PM,0,0.1929,10.298
11/29/2021,11:00:00 PM,0,0.1948,10.299
11/29/2021,11:10:00 PM,0,0.1938,10.301
11/29/2021,11:20:00 PM,0,0.194,10.304
11/29/2021,11:30:00 PM,0,0.1939,10.306
11/29/2021,11:40:00 PM,0,0.1933,10.309
11/29/2021,11:50:00 PM,0,0.1938,10.312
11/30/2021,12:00:00 AM,0,0.1932,10.314
11/30/2021,12:10:00 AM,0,0.1898,10.316
11/30/2021,12:20:00 AM,0,0.1912,10.318
11/30/2021,12:30:00 AM,0,0.1909,10.321
11/30/2021,12:40:00 AM,0,0.1922,10.326
11/30/2021,12:50:00 AM,0,0.1904,10.332
11/30/2021,1:00:00 AM,0,0.1918,10.337
11/30/2021,1:10:00 AM,0,0.1926,10.343
11/30/2021,1:20:00 AM,0,0.1906,10.348
11/30/2021,1:30:00 AM,0,0.1916,10.354
11/30/2021,1:40:00 AM,0,0.1912,10.36
11/30/2021,1:50:00 AM,0,0.1902,10.365
11/30/2021,2:00:00 AM,0,0.1906,10.37
11/30/2021,2:10:00 AM,0,0.1898,10.376
11/30/2021,2:20:00 AM,0,0.1897,10.383
11/30/2021,2:30:00 AM,0,0.1884,10.389
11/30/2021,2:40:00 AM,0,0.1907,10.395
11/30/2021,2:50:00 AM,0,0.1895,10.401
11/30/2021,3:00:00 AM,0,0.1886,10.407
11/30/2021,3:10:00 AM,0,0.1918,10.413
11/30/2021,3:20:00 AM,0,0.1886,10.419
11/30/2021,3:30:00 AM,0,0.1897,10.425
11/30/2021,3:40:00 AM,0,0.1888,10.43
11/30/2021,3:50:00 AM,0,0.1877,10.434
11/30/2021,4:00:00 AM,0,0.1897,10.438
11/30/2021,4:10:00 AM,0,0.1888,10.441
11/30/2021,4:20:00 AM,0,0.1873,10.444
11/30/2021,4:30:00 AM,0,0.1896,10.447
11/30/2021,4:40:00 AM,0,0.1864,10.449
11/30/2021,4:50:00 AM,0,0.1868,10.452
11/30/2021,5:00:00 AM,0,0.1898,10.454
11/30/2021,5:10:00 AM,0,0.1883,10.458
11/30/2021,5:20:00 AM,0,0.1859,10.46
11/30/2021,5:30:00 AM,0,0.1863,10.463
11/30/2021,5:40:00 AM,0,0.187,10.464
11/30/2021,5:50:00 AM,0,0.1869,10.466
11/30/2021,6:00:00 AM,0,0.1877,10.469
11/30/2021,6:10:00 AM,0,0.1876,10.471
11/30/2021,6:20:00 AM,0,0.1855,10.473
11/30/2021,6:30:00 AM,0,0.1866,10.475
11/30/2021,6:40:00 AM,0,0.1858,10.477
11/30/2021,6:50:00 AM,0,0.1845,10.479
11/30/2021,7:00:00 AM,0,0.1856,10.48
11/30/2021,7:10:00 AM,0,0.1855,10.482
11/30/2021,7:20:00 AM,0,0.1844,10.483
11/30/2021,7:30:00 AM,0,0.1848,10.484
11/30/2021,7:40:00 AM,0,0.1844,10.486
11/30/2021,7:50:00 AM,0,0.1834,10.488
11/30/2021,8:00:00 AM,0,0.1837,10.491
11/30/2021,8:10:00 AM,0,0.1848,10.496
11/30/2021,8:20:00 AM,0,0.1833,10.499
11/30/2021,8:30:00 AM,0,0.1837,10.505
11/30/2021,8:40:00 AM,0,0.1844,10.512
11/30/2021,8:50:00 AM,0,0.1846,10.522
11/30/2021,9:00:00 AM,0,0.1855,10.533
11/30/2021,9:10:00 AM,0,0.1837,10.544
11/30/2021,9:20:00 AM,0,0.1848,10.555
11/30/2021,9:30:00 AM,0,0.1834,10.567
11/30/2021,9:40:00 AM,0,0.1851,10.58
11/30/2021,9:50:00 AM,0,0.1843,10.594
11/30/2021,10:00:00 AM,0,0.1851,10.609
11/30/2021,10:10:00 AM,0,0.1829,10.625
11/30/2021,10:20:00 AM,0,0.182,10.648
11/30/2021,10:30:00 AM,0,0.1838,10.672
11/30/2021,10:40:00 AM,0,0.1846,10.692
11/30/2021,10:50:00 AM,0,0.1825,10.708
11/30/2021,11:00:00 AM,0,0.1856,10.729
11/30/2021,11:10:00 AM,0,0.186,10.749
11/30/2021,11:20:00 AM,0,0.1832,10.765
11/30/2021,11:30:00 AM,0,0.1831,10.778
11/30/2021,11:40:00 AM,0,0.1836,10.789
11/30/2021,11:50:00 AM,0,0.1826,10.807
11/30/2021,12:00:00 PM,0,0.1829,10.824
11/30/2021,12:10:00 PM,0,0.1809,10.838
11/30/2021,12:20:00 PM,0,0.1829,10.858
11/30/2021,12:30:00 PM,0,0.1818,10.867
11/30/2021,12:40:00 PM,0,0.1813,10.878
11/30/2021,12:50:00 PM,0,0.183,10.884
11/30/2021,1:00:00 PM,0,0.1822,10.89
11/30/2021,1:10:00 PM,0,0.1827,10.902
11/30/2021,1:20:00 PM,0,0.1811,10.912
11/30/2021,1:30:00 PM,0,0.1824,10.918
11/30/2021,1:40:00 PM,0,0.1795,10.931
11/30/2021,1:50:00 PM,0,0.181,10.938
11/30/2021,2:00:00 PM,0,0.1803,10.95
11/30/2021,2:10:00 PM,0,0.18,10.957
11/30/2021,2:20:00 PM,0,0.1793,10.962
11/30/2021,2:30:00 PM,0,0.1784,10.965
11/30/2021,2:40:00 PM,0,0.1787,10.969
11/30/2021,2:50:00 PM,0,0.1813,10.972
11/30/2021,3:00:00 PM,0,0.18,10.97
11/30/2021,3:10:00 PM,0,0.1788,10.969
11/30/2021,3:20:00 PM,0,0.1784,10.964
11/30/2021,3:30:00 PM,0,0.1814,10.954
11/30/2021,3:40:00 PM,0,0.1796,10.946
11/30/2021,3:50:00 PM,0,0.1802,10.935
11/30/2021,4:00:00 PM,0,0.1791,10.919
11/30/2021,4:10:00 PM,0,0.1784,10.903
11/30/2021,4:20:00 PM,0,0.1777,10.887
11/30/2021,4:30:00 PM,0,0.1757,10.867
11/30/2021,4:40:00 PM,0,0.1764,10.848
11/30/2021,4:50:00 PM,0,0.1771,10.829
11/30/2021,5:00:00 PM,0,0.1749,10.807
11/30/2021,5:10:00 PM,0,0.175,10.785
11/30/2021,5:20:00 PM,0,0.1748,10.765
11/30/2021,5:30:00 PM,0,0.1758,10.742
11/30/2021,5:40:00 PM,0,0.1755,10.719
11/30/2021,5:50:00 PM,0,0.1744,10.696
11/30/2021,6:00:00 PM,0,0.1742,10.674
11/30/2021,6:10:00 PM,0,0.1726,10.651
11/30/2021,6:20:00 PM,0,0.1729,10.63
11/30/2021,6:30:00 PM,0,0.1739,10.607
11/30/2021,6:40:00 PM,0,0.1746,10.583
11/30/2021,6:50:00 PM,0,0.1742,10.56
11/30/2021,7:00:00 PM,0,0.1733,10.539
11/30/2021,7:10:00 PM,0,0.1745,10.519
11/30/2021,7:20:00 PM,0,0.1731,10.499
11/30/2021,7:30:00 PM,0,0.1729,10.481
11/30/2021,7:40:00 PM,0,0.1721,10.463
11/30/2021,7:50:00 PM,0,0.1726,10.445
11/30/2021,8:00:00 PM,0,0.1711,10.427
11/30/2021,8:10:00 PM,0,0.1726,10.409
11/30/2021,8:20:00 PM,0,0.1704,10.392
11/30/2021,8:30:00 PM,0,0.1707,10.376
11/30/2021,8:40:00 PM,0,0.171,10.36
11/30/2021,8:50:00 PM,0,0.1698,10.345
11/30/2021,9:00:00 PM,0,0.1698,10.33
11/30/2021,9:10:00 PM,0,0.1701,10.314
11/30/2021,9:20:00 PM,0,0.1697,10.298
11/30/2021,9:30:00 PM,0,0.1696,10.282
11/30/2021,9:40:00 PM,0,0.1701,10.265
11/30/2021,9:50:00 PM,0,0.1684,10.25
11/30/2021,10:00:00 PM,0,0.1685,10.235
11/30/2021,10:10:00 PM,0,0.1695,10.221
11/30/2021,10:20:00 PM,0,0.1688,10.208
11/30/2021,10:30:00 PM,0,0.1691,10.194
11/30/2021,10:40:00 PM,0,0.1683,10.18
11/30/2021,10:50:00 PM,0,0.1655,10.166
11/30/2021,11:00:00 PM,0,0.1668,10.153
11/30/2021,11:10:00 PM,0,0.1675,10.139
11/30/2021,11:20:00 PM,0,0.167,10.125
11/30/2021,11:30:00 PM,0,0.166,10.111
11/30/2021,11:40:00 PM,0,0.1654,10.095
11/30/2021,11:50:00 PM,0,0.1666,10.079
12/1/2021,12:00:00 AM,0,0.166,10.064
12/1/2021,12:10:00 AM,0,0.1655,10.047
12/1/2021,12:20:00 AM,0,0.1651,10.031
12/1/2021,12:30:00 AM,0,0.1655,10.015
12/1/2021,12:40:00 AM,0,0.1647,9.999
12/1/2021,12:50:00 AM,0,0.1637,9.984
12/1/2021,1:00:00 AM,0,0.1634,9.969
12/1/2021,1:10:00 AM,0,0.1634,9.954
12/1/2021,1:20:00 AM,0,0.1641,9.938
12/1/2021,1:30:00 AM,0,0.163,9.922
12/1/2021,1:40:00 AM,0,0.1628,9.905
12/1/2021,1:50:00 AM,0,0.1606,9.889
12/1/2021,2:00:00 AM,0,0.1621,9.873
12/1/2021,2:10:00 AM,0,0.1617,9.857
12/1/2021,2:20:00 AM,0,0.1622,9.842
12/1/2021,2:30:00 AM,0,0.1614,9.827
12/1/2021,2:40:00 AM,0,0.1618,9.813
12/1/2021,2:50:00 AM,0,0.1615,9.8
12/1/2021,3:00:00 AM,0,0.1621,9.786
12/1/2021,3:10:00 AM,0,0.1598,9.772
12/1/2021,3:20:00 AM,0,0.1607,9.759
12/1/2021,3:30:00 AM,0,0.1597,9.745
12/1/2021,3:40:00 AM,0,0.1614,9.732
12/1/2021,3:50:00 AM,0,0.1604,9.718
12/1/2021,4:00:00 AM,0,0.1609,9.704
12/1/2021,4:10:00 AM,0,0.1603,9.691
12/1/2021,4:20:00 AM,0,0.1575,9.677
12/1/2021,4:30:00 AM,0,0.1584,9.663
12/1/2021,4:40:00 AM,0,0.1579,9.65
12/1/2021,4:50:00 AM,0,0.1584,9.636
12/1/2021,5:00:00 AM,0,0.1575,9.623
12/1/2021,5:10:00 AM,0,0.1587,9.611
12/1/2021,5:20:00 AM,0,0.1583,9.599
12/1/2021,5:30:00 AM,0,0.1582,9.587
12/1/2021,5:40:00 AM,0,0.1576,9.575
12/1/2021,5:50:00 AM,0,0.1558,9.562
12/1/2021,6:00:00 AM,0,0.1555,9.551
12/1/2021,6:10:00 AM,0,0.1557,9.54
12/1/2021,6:20:00 AM,0,0.1551,9.528
12/1/2021,6:30:00 AM,0,0.156,9.517
12/1/2021,6:40:00 AM,0,0.1558,9.506
12/1/2021,6:50:00 AM,0,0.1558,9.496
12/1/2021,7:00:00 AM,0,0.1568,9.486
12/1/2021,7:10:00 AM,0,0.1548,9.478
12/1/2021,7:20:00 AM,0,0.1549,9.47
12/1/2021,7:30:00 AM,0,0.1557,9.464
12/1/2021,7:40:00 AM,0,0.1545,9.46
12/1/2021,7:50:00 AM,0,0.1538,9.457
12/1/2021,8:00:00 AM,0,0.1542,9.454
12/1/2021,8:10:00 AM,0,0.1539,9.451
12/1/2021,8:20:00 AM,0,0.1533,9.449
12/1/2021,8:30:00 AM,0,0.1537,9.447
12/1/2021,8:40:00 AM,0,0.1546,9.445
12/1/2021,8:50:00 AM,0,0.1551,9.444
12/1/2021,9:00:00 AM,0,0.154,9.445
12/1/2021,9:10:00 AM,0,0.1537,9.448
12/1/2021,9:20:00 AM,0,0.1536,9.453
12/1/2021,9:30:00 AM,0,0.1542,9.458
12/1/2021,9:40:00 AM,0,0.1545,9.465
12/1/2021,9:50:00 AM,0,0.154,9.472
12/1/2021,10:00:00 AM,0,0.1537,9.48
12/1/2021,10:10:00 AM,0,0.1545,9.486
12/1/2021,10:20:00 AM,0,0.1539,9.495
12/1/2021,10:30:00 AM,0,0.1532,9.505
12/1/2021,10:40:00 AM,0,0.154,9.518
12/1/2021,10:50:00 AM,0,0.1554,9.532
12/1/2021,11:00:00 AM,0,0.1563,9.547
12/1/2021,11:10:00 AM,0,0.1547,9.564
12/1/2021,11:20:00 AM,0,0.1564,9.583
12/1/2021,11:30:00 AM,0,0.1557,9.604
12/1/2021,11:40:00 AM,0,0.1552,9.627
12/1/2021,11:50:00 AM,0,0.1548,9.651
12/1/2021,12:00:00 PM,0,0.1552,9.679
12/1/2021,12:10:00 PM,0,0.1556,9.708
12/1/2021,12:20:00 PM,0,0.155,9.74
12/1/2021,12:30:00 PM,0,0.1539,9.772
12/1/2021,12:40:00 PM,0,0.1554,9.805
12/1/2021,12:50:00 PM,0,0.1563,9.837
12/1/2021,1:00:00 PM,0,0.1558,9.866
12/1/2021,1:10:00 PM,0,0.1557,9.895
12/1/2021,1:20:00 PM,0,0.1551,9.923
12/1/2021,1:30:00 PM,0,0.156,9.951
12/1/2021,1:40:00 PM,0,0.1565,9.978
12/1/2021,1:50:00 PM,0,0.1552,10.002
12/1/2021,2:00:00 PM,0,0.1552,10.025
12/1/2021,2:10:00 PM,0,0.1547,10.047
12/1/2021,2:20:00 PM,0,0.155,10.069
12/1/2021,2:30:00 PM,0,0.155,10.09
12/1/2021,2:40:00 PM,0,0.1539,10.111
12/1/2021,2:50:00 PM,0,0.154,10.131
12/1/2021,3:00:00 PM,0,0.1543,10.15
12/1/2021,3:10:00 PM,0,0.1544,10.165
12/1/2021,3:20:00 PM,0,0.1522,10.175
12/1/2021,3:30:00 PM,0,0.1518,10.184
12/1/2021,3:40:00 PM,0,0.1516,10.19
12/1/2021,3:50:00 PM,0,0.1526,10.194
12/1/2021,4:00:00 PM,0,0.1511,10.198
12/1/2021,4:10:00 PM,0,0.152,10.198
12/1/2021,4:20:00 PM,0,0.1512,10.197
12/1/2021,4:30:00 PM,0,0.1486,10.194
12/1/2021,4:40:00 PM,0,0.1505,10.189
12/1/2021,4:50:00 PM,0,0.1487,10.181
12/1/2021,5:00:00 PM,0,0.1488,10.171
12/1/2021,5:10:00 PM,0,0.149,10.156
12/1/2021,5:20:00 PM,0,0.1491,10.14
12/1/2021,5:30:00 PM,0,0.1486,10.124
12/1/2021,5:40:00 PM,0,0.1486,10.108
12/1/2021,5:50:00 PM,0,0.1483,10.096
12/1/2021,6:00:00 PM,0,0.1485,10.088
12/1/2021,6:10:00 PM,0,0.149,10.081
12/1/2021,6:20:00 PM,0,0.1482,10.076
12/1/2021,6:30:00 PM,0,0.1493,10.071
12/1/2021,6:40:00 PM,0,0.1484,10.067
12/1/2021,6:50:00 PM,0,0.1476,10.065
12/1/2021,7:00:00 PM,0,0.1489,10.064
12/1/2021,7:10:00 PM,0,0.1466,10.064
12/1/2021,7:20:00 PM,0,0.1479,10.064
12/1/2021,7:30:00 PM,0,0.1478,10.064
12/1/2021,7:40:00 PM,0,0.1481,10.065
12/1/2021,7:50:00 PM,0,0.1486,10.067
12/1/2021,8:00:00 PM,0,0.1461,10.069
12/1/2021,8:10:00 PM,0,0.1476,10.072
12/1/2021,8:20:00 PM,0,0.1463,10.075
12/1/2021,8:30:00 PM,0,0.1467,10.079
12/1/2021,8:40:00 PM,0,0.1466,10.083
12/1/2021,8:50:00 PM,0,0.1443,10.088
12/1/2021,9:00:00 PM,0,0.1464,10.092
12/1/2021,9:10:00 PM,0,0.1463,10.097
12/1/2021,9:20:00 PM,0,0.1467,10.101
12/1/2021,9:30:00 PM,0,0.1468,10.105
12/1/2021,9:40:00 PM,0,0.1463,10.108
12/1/2021,9:50:00 PM,0,0.1464,10.109
12/1/2021,10:00:00 PM,0,0.1443,10.112
12/1/2021,10:10:00 PM,0,0.1452,10.113
12/1/2021,10:20:00 PM,0,0.1457,10.113
12/1/2021,10:30:00 PM,0,0.1452,10.113
12/1/2021,10:40:00 PM,0,0.1455,10.112
12/1/2021,10:50:00 PM,0,0.1437,10.111
12/1/2021,11:00:00 PM,0,0.1444,10.109
12/1/2021,11:10:00 PM,0,0.1453,10.106
12/1/2021,11:20:00 PM,0,0.1436,10.104
12/1/2021,11:30:00 PM,0,0.1427,10.101
12/1/2021,11:40:00 PM,0,0.1461,10.099
12/1/2021,11:50:00 PM,0,0.1449,10.096
12/2/2021,12:00:00 AM,0,0.1444,10.094
12/2/2021,12:10:00 AM,0,0.1451,10.092
12/2/2021,12:20:00 AM,0,0.1444,10.09
12/2/2021,12:30:00 AM,0,0.1438,10.087
12/2/2021,12:40:00 AM,0,0.1435,10.085
12/2/2021,12:50:00 AM,0,0.1429,10.084
12/2/2021,1:00:00 AM,0,0.1435,10.084
12/2/2021,1:10:00 AM,0,0.1424,10.083
12/2/2021,1:20:00 AM,0,0.1428,10.083
12/2/2021,1:30:00 AM,0,0.143,10.083
12/2/2021,1:40:00 AM,0,0.1435,10.085
12/2/2021,1:50:00 AM,0,0.1419,10.086
12/2/2021,2:00:00 AM,0,0.142,10.087
12/2/2021,2:10:00 AM,0,0.1418,10.089
12/2/2021,2:20:00 AM,0,0.1415,10.09
12/2/2021,2:30:00 AM,0,0.1418,10.092
12/2/2021,2:40:00 AM,0,0.1418,10.094
12/2/2021,2:50:00 AM,0,0.1412,10.095
12/2/2021,3:00:00 AM,0,0.1437,10.097
12/2/2021,3:10:00 AM,0,0.1415,10.098
12/2/2021,3:20:00 AM,0,0.1411,10.1
12/2/2021,3:30:00 AM,0,0.1417,10.101
12/2/2021,3:40:00 AM,0,0.1407,10.102
12/2/2021,3:50:00 AM,0,0.139,10.103
12/2/2021,4:00:00 AM,0,0.1407,10.103
12/2/2021,4:10:00 AM,0,0.1399,10.101
12/2/2021,4:20:00 AM,0,0.1398,10.1
12/2/2021,4:30:00 AM,0,0.1387,10.099
12/2/2021,4:40:00 AM,0,0.1394,10.098
12/2/2021,4:50:00 AM,0,0.1392,10.098
12/2/2021,5:00:00 AM,0,0.1397,10.099
12/2/2021,5:10:00 AM,0,0.139,10.1
12/2/2021,5:20:00 AM,0,0.1404,10.1
12/2/2021,5:30:00 AM,0,0.1386,10.101
12/2/2021,5:40:00 AM,0,0.1394,10.101
12/2/2021,5:50:00 AM,0,0.138,10.1
12/2/2021,6:00:00 AM,0,0.138,10.099
12/2/2021,6:10:00 AM,0,0.1372,10.095
12/2/2021,6:20:00 AM,0,0.1368,10.093
12/2/2021,6:30:00 AM,0,0.1368,10.091
12/2/2021,6:40:00 AM,0,0.1356,10.086
12/2/2021,6:50:00 AM,0,0.136,10.081
12/2/2021,7:00:00 AM,0,0.135,10.076
12/2/2021,7:10:00 AM,0,0.1358,10.07
12/2/2021,7:20:00 AM,0,0.1362,10.06
12/2/2021,7:30:00 AM,0,0.1356,10.049
12/2/2021,7:40:00 AM,0,0.1357,10.039
12/2/2021,7:50:00 AM,0,0.1357,10.029
12/2/2021,8:00:00 AM,0,0.1355,10.02
12/2/2021,8:10:00 AM,0,0.1343,10.012
12/2/2021,8:20:00 AM,0,0.1348,10.003
12/2/2021,8:30:00 AM,0,0.1348,9.993
12/2/2021,8:40:00 AM,0,0.1343,9.981
12/2/2021,8:50:00 AM,0,0.1346,9.964
12/2/2021,9:00:00 AM,0,0.1347,9.948
12/2/2021,9:10:00 AM,0,0.1362,9.931
12/2/2021,9:20:00 AM,0,0.1346,9.914
12/2/2021,9:30:00 AM,0,0.1333,9.892
12/2/2021,9:40:00 AM,0,0.1334,9.866
12/2/2021,9:50:00 AM,0,0.1351,9.842
12/2/2021,10:00:00 AM,0,0.1346,9.825
12/2/2021,10:10:00 AM,0,0.1335,9.811
12/2/2021,10:20:00 AM,0,0.1336,9.803
12/2/2021,10:30:00 AM,0,0.1346,9.803
12/2/2021,10:40:00 AM,0,0.1354,9.817
12/2/2021,10:50:00 AM,0,0.1349,9.841
12/2/2021,11:00:00 AM,0,0.1332,9.868
12/2/2021,11:10:00 AM,0,0.134,9.89
12/2/2021,11:20:00 AM,0,0.1346,9.904
12/2/2021,11:30:00 AM,0,0.1331,9.91
12/2/2021,11:40:00 AM,0,0.132,9.913
12/2/2021,11:50:00 AM,0,0.1333,9.922
12/2/2021,12:00:00 PM,0,0.1344,9.939
12/2/2021,12:10:00 PM,0,0.1348,9.956
12/2/2021,12:20:00 PM,0,0.1339,9.967
12/2/2021,12:30:00 PM,0,0.1325,9.972
12/2/2021,12:40:00 PM,0,0.1334,9.976
12/2/2021,12:50:00 PM,0,0.1317,9.983
12/2/2021,1:00:00 PM,0,0.1333,10.002
12/2/2021,1:10:00 PM,0,0.1333,10.025
12/2/2021,1:20:00 PM,0,0.1317,10.043
12/2/2021,1:30:00 PM,0,0.1323,10.053
12/2/2021,1:40:00 PM,0,0.132,10.06
12/2/2021,1:50:00 PM,0,0.1311,10.067
12/2/2021,2:00:00 PM,0,0.1323,10.077
12/2/2021,2:10:00 PM,0,0.1334,10.091
12/2/2021,2:20:00 PM,0,0.132,10.099
12/2/2021,2:30:00 PM,0,0.1321,10.105
12/2/2021,2:40:00 PM,0,0.1308,10.111
12/2/2021,2:50:00 PM,0,0.13,10.115
12/2/2021,3:00:00 PM,0,0.1299,10.115
12/2/2021,3:10:00 PM,0,0.129,10.115
12/2/2021,3:20:00 PM,0,0.1288,10.117
12/2/2021,3:30:00 PM,0,0.1301,10.119
12/2/2021,3:40:00 PM,0,0.1303,10.119
12/2/2021,3:50:00 PM,0,0.13,10.114
12/2/2021,4:00:00 PM,0,0.1291,10.106
12/2/2021,4:10:00 PM,0,0.1287,10.095
12/2/2021,4:20:00 PM,0,0.1287,10.081
12/2/2021,4:30:00 PM,0,0.1286,10.067
12/2/2021,4:40:00 PM,0,0.1271,10.049
12/2/2021,4:50:00 PM,0,0.1273,10.031
12/2/2021,5:00:00 PM,0,0.1273,10.013
12/2/2021,5:10:00 PM,0,0.1261,9.993
12/2/2021,5:20:00 PM,0,0.1268,9.971
12/2/2021,5:30:00 PM,0,0.1261,9.948
12/2/2021,5:40:00 PM,0,0.1254,9.923
12/2/2021,5:50:00 PM,0,0.1247,9.894
12/2/2021,6:00:00 PM,0,0.1255,9.861
12/2/2021,6:10:00 PM,0,0.126,9.827
12/2/2021,6:20:00 PM,0,0.1246,9.795
12/2/2021,6:30:00 PM,0,0.1248,9.766
12/2/2021,6:40:00 PM,0,0.125,9.739
12/2/2021,6:50:00 PM,0,0.1248,9.714
12/2/2021,7:00:00 PM,0,0.1249,9.689
12/2/2021,7:10:00 PM,0,0.1251,9.664
12/2/2021,7:20:00 PM,0,0.1237,9.64
12/2/2021,7:30:00 PM,0,0.1229,9.618
12/2/2021,7:40:00 PM,0,0.1245,9.594
12/2/2021,7:50:00 PM,0,0.1236,9.569
12/2/2021,8:00:00 PM,0,0.1232,9.544
12/2/2021,8:10:00 PM,0,0.1223,9.52
12/2/2021,8:20:00 PM,0,0.1221,9.497
12/2/2021,8:30:00 PM,0,0.1222,9.476
12/2/2021,8:40:00 PM,0,0.1205,9.454
12/2/2021,8:50:00 PM,0,0.1221,9.434
12/2/2021,9:00:00 PM,0,0.12,9.415
12/2/2021,9:10:00 PM,0,0.1199,9.395
12/2/2021,9:20:00 PM,0,0.1199,9.376
12/2/2021,9:30:00 PM,0,0.1201,9.355
12/2/2021,9:40:00 PM,0,0.1206,9.333
12/2/2021,9:50:00 PM,0,0.12,9.312
12/2/2021,10:00:00 PM,0,0.1206,9.29
12/2/2021,10:10:00 PM,0,0.1188,9.267
12/2/2021,10:20:00 PM,0,0.1196,9.246
12/2/2021,10:30:00 PM,0,0.119,9.226
12/2/2021,10:40:00 PM,0,0.1203,9.206
12/2/2021,10:50:00 PM,0,0.1209,9.187
12/2/2021,11:00:00 PM,0,0.1204,9.169
12/2/2021,11:10:00 PM,0,0.1198,9.151
12/2/2021,11:20:00 PM,0,0.1196,9.131
12/2/2021,11:30:00 PM,0,0.1199,9.11
12/2/2021,11:40:00 PM,0,0.119,9.088
12/2/2021,11:50:00 PM,0,0.1178,9.066
12/3/2021,12:00:00 AM,0,0.1177,9.045
12/3/2021,12:10:00 AM,0,0.1189,9.025
12/3/2021,12:20:00 AM,0,0.1185,9.005
12/3/2021,12:30:00 AM,0,0.1185,8.987
12/3/2021,12:40:00 AM,0,0.1195,8.97
12/3/2021,12:50:00 AM,0,0.1184,8.953
12/3/2021,1:00:00 AM,0,0.1195,8.935
12/3/2021,1:10:00 AM,0,0.1168,8.918
12/3/2021,1:20:00 AM,0,0.1169,8.897
12/3/2021,1:30:00 AM,0,0.1164,8.876
12/3/2021,1:40:00 AM,0,0.1168,8.854
12/3/2021,1:50:00 AM,0,0.1164,8.833
12/3/2021,2:00:00 AM,0,0.1159,8.812
12/3/2021,2:10:00 AM,0,0.1151,8.792
12/3/2021,2:20:00 AM,0,0.1151,8.769
12/3/2021,2:30:00 AM,0,0.1161,8.746
12/3/2021,2:40:00 AM,0,0.116,8.721
12/3/2021,2:50:00 AM,0,0.1152,8.692
12/3/2021,3:00:00 AM,0,0.1156,8.664
12/3/2021,3:10:00 AM,0,0.115,8.634
12/3/2021,3:20:00 AM,0,0.1159,8.605
12/3/2021,3:30:00 AM,0,0.1151,8.572
12/3/2021,3:40:00 AM,0,0.1156,8.541
12/3/2021,3:50:00 AM,0,0.1152,8.51
12/3/2021,4:00:00 AM,0,0.1152,8.478
12/3/2021,4:10:00 AM,0,0.1144,8.446
12/3/2021,4:20:00 AM,0,0.1119,8.415
12/3/2021,4:30:00 AM,0,0.1129,8.384
12/3/2021,4:40:00 AM,0,0.1137,8.355
12/3/2021,4:50:00 AM,0,0.1119,8.325
12/3/2021,5:00:00 AM,0,0.112,8.296
12/3/2021,5:10:00 AM,0,0.1125,8.27
12/3/2021,5:20:00 AM,0,0.1133,8.246
12/3/2021,5:30:00 AM,0,0.113,8.22
12/3/2021,5:40:00 AM,0,0.112,8.195
12/3/2021,5:50:00 AM,0,0.1117,8.169
12/3/2021,6:00:00 AM,0,0.1121,8.145
12/3/2021,6:10:00 AM,0,0.1106,8.122
12/3/2021,6:20:00 AM,0,0.1126,8.099
12/3/2021,6:30:00 AM,0,0.1106,8.073
12/3/2021,6:40:00 AM,0,0.1113,8.048
12/3/2021,6:50:00 AM,0,0.1106,8.024
12/3/2021,7:00:00 AM,0,0.1107,7.998
12/3/2021,7:10:00 AM,0,0.1108,7.972
12/3/2021,7:20:00 AM,0,0.1108,7.948
12/3/2021,7:30:00 AM,0,0.1109,7.921
12/3/2021,7:40:00 AM,0,0.1097,7.898
12/3/2021,7:50:00 AM,0,0.1095,7.878
12/3/2021,8:00:00 AM,0,0.1092,7.858
12/3/2021,8:10:00 AM,0,0.1081,7.838
12/3/2021,8:20:00 AM,0,0.1103,7.822
12/3/2021,8:30:00 AM,0,0.1107,7.807
12/3/2021,8:40:00 AM,0,0.1088,7.79
12/3/2021,8:50:00 AM,0,0.1101,7.777
12/3/2021,9:00:00 AM,0,0.1099,7.769
12/3/2021,9:10:00 AM,0,0.1091,7.764
12/3/2021,9:20:00 AM,0,0.11,7.761
12/3/2021,9:30:00 AM,0,0.1087,7.757
12/3/2021,9:40:00 AM,0,0.1113,7.757
12/3/2021,9:50:00 AM,0,0.1097,7.756
12/3/2021,10:00:00 AM,0,0.1102,7.758
12/3/2021,10:10:00 AM,0,0.111,7.76
12/3/2021,10:20:00 AM,0,0.1105,7.763
12/3/2021,10:30:00 AM,0,0.1105,7.768
12/3/2021,10:40:00 AM,0,0.1101,7.775
12/3/2021,10:50:00 AM,0,0.1098,7.782
12/3/2021,11:00:00 AM,0,0.1123,7.795
12/3/2021,11:10:00 AM,0,0.1123,7.811
12/3/2021,11:20:00 AM,0,0.1135,7.831
12/3/2021,11:30:00 AM,0,0.113,7.856
12/3/2021,11:40:00 AM,0,0.1149,7.877
12/3/2021,11:50:00 AM,0,0.1127,7.904
12/3/2021,12:00:00 PM,0,0.1133,7.933
12/3/2021,12:10:00 PM,0,0.1125,7.964
12/3/2021,12:20:00 PM,0,0.1142,7.995
12/3/2021,12:30:00 PM,0,0.1138,8.03
12/3/2021,12:40:00 PM,0,0.1137,8.068
12/3/2021,12:50:00 PM,0,0.1141,8.108
12/3/2021,1:00:00 PM,0,0.1145,8.149
12/3/2021,1:10:00 PM,0,0.1137,8.188
12/3/2021,1:20:00 PM,0,0.1139,8.224
12/3/2021,1:30:00 PM,0,0.1142,8.259
12/3/2021,1:40:00 PM,0,0.1135,8.295
12/3/2021,1:50:00 PM,0,0.1144,8.328
12/3/2021,2:00:00 PM,0,0.1139,8.36
12/3/2021,2:10:00 PM,0,0.1145,8.392
12/3/2021,2:20:00 PM,0,0.1145,8.423
12/3/2021,2:30:00 PM,0,0.1133,8.451
12/3/2021,2:40:00 PM,0,0.1141,8.479
12/3/2021,2:50:00 PM,0,0.1119,8.506
12/3/2021,3:00:00 PM,0,0.1116,8.533
12/3/2021,3:10:00 PM,0,0.1124,8.556
12/3/2021,3:20:00 PM,0,0.1126,8.576
12/3/2021,3:30:00 PM,0,0.1114,8.591
12/3/2021,3:40:00 PM,0,0.1113,8.605
12/3/2021,3:50:00 PM,0,0.1122,8.616
12/3/2021,4:00:00 PM,0,0.1104,8.625
12/3/2021,4:10:00 PM,0,0.1112,8.632
12/3/2021,4:20:00 PM,0,0.1099,8.634
12/3/2021,4:30:00 PM,0,0.1089,8.636
12/3/2021,4:40:00 PM,0,0.1103,8.635
12/3/2021,4:50:00 PM,0,0.1102,8.631
12/3/2021,5:00:00 PM,0,0.1075,8.626
12/3/2021,5:10:00 PM,0,0.1088,8.617
12/3/2021,5:20:00 PM,0,0.1076,8.606
12/3/2021,5:30:00 PM,0,0.1072,8.593
12/3/2021,5:40:00 PM,0,0.1083,8.577
12/3/2021,5:50:00 PM,0,0.1075,8.56
12/3/2021,6:00:00 PM,0,0.1072,8.539
12/3/2021,6:10:00 PM,0,0.1063,8.518
12/3/2021,6:20:00 PM,0,0.1052,8.495
12/3/2021,6:30:00 PM,0,0.106,8.473
12/3/2021,6:40:00 PM,0,0.1063,8.448
12/3/2021,6:50:00 PM,0,0.1053,8.424
12/3/2021,7:00:00 PM,0,0.1045,8.4
12/3/2021,7:10:00 PM,0,0.1064,8.373
12/3/2021,7:20:00 PM,0,0.1055,8.346
12/3/2021,7:30:00 PM,0,0.1045,8.317
12/3/2021,7:40:00 PM,0,0.1046,8.292
12/3/2021,7:50:00 PM,0,0.104,8.266
12/3/2021,8:00:00 PM,0,0.1045,8.24
12/3/2021,8:10:00 PM,0,0.1032,8.216
12/3/2021,8:20:00 PM,0,0.1049,8.19
12/3/2021,8:30:00 PM,0,0.1039,8.164
12/3/2021,8:40:00 PM,0,0.1031,8.141
12/3/2021,8:50:00 PM,0,0.1032,8.117
12/3/2021,9:00:00 PM,0,0.1029,8.094
12/3/2021,9:10:00 PM,0,0.1031,8.07
12/3/2021,9:20:00 PM,0,0.1026,8.042
12/3/2021,9:30:00 PM,0,0.1026,8.018
12/3/2021,9:40:00 PM,0,0.1036,7.994
12/3/2021,9:50:00 PM,0,0.1011,7.97
12/3/2021,10:00:00 PM,0,0.1025,7.947
12/3/2021,10:10:00 PM,0,0.1026,7.924
12/3/2021,10:20:00 PM,0,0.1023,7.903
12/3/2021,10:30:00 PM,0,0.1015,7.88
12/3/2021,10:40:00 PM,0,0.1022,7.859
12/3/2021,10:50:00 PM,0,0.1022,7.841
12/3/2021,11:00:00 PM,0,0.1019,7.821
12/3/2021,11:10:00 PM,0,0.1022,7.801
12/3/2021,11:20:00 PM,0,0.1016,7.782
12/3/2021,11:30:00 PM,0,0.1016,7.765
12/3/2021,11:40:00 PM,0,0.1012,7.749
12/3/2021,11:50:00 PM,0,0.1002,7.731
12/4/2021,12:00:00 AM,0,0.1011,7.714
12/4/2021,12:10:00 AM,0,0.1003,7.698
12/4/2021,12:20:00 AM,0,0.1013,7.685
12/4/2021,12:30:00 AM,0,0.1006,7.67
12/4/2021,12:40:00 AM,0,0.1003,7.656
12/4/2021,12:50:00 AM,0,0.0993,7.644
12/4/2021,1:00:00 AM,0,0.1005,7.63
12/4/2021,1:10:00 AM,0,0.0999,7.618
12/4/2021,1:20:00 AM,0,0.1007,7.606
12/4/2021,1:30:00 AM,0,0.0999,7.595
12/4/2021,1:40:00 AM,0,0.1007,7.585
12/4/2021,1:50:00 AM,0,0.1001,7.576
12/4/2021,2:00:00 AM,0,0.0992,7.576
12/4/2021,2:10:00 AM,0,0.1,7.575
12/4/2021,2:20:00 AM,0,0.101,7.572
12/4/2021,2:30:00 AM,0,0.1,7.576
12/4/2021,2:40:00 AM,0,0.1006,7.581
12/4/2021,2:50:00 AM,0,0.0997,7.59
12/4/2021,3:00:00 AM,0,0.1006,7.596
12/4/2021,3:10:00 AM,0,0.0996,7.609
12/4/2021,3:20:00 AM,0,0.0998,7.621
12/4/2021,3:30:00 AM,0,0.1002,7.636
12/4/2021,3:40:00 AM,0,0.1008,7.653
12/4/2021,3:50:00 AM,0,0.1008,7.672
12/4/2021,4:00:00 AM,0,0.1023,7.693
12/4/2021,4:10:00 AM,0,0.1012,7.716
12/4/2021,4:20:00 AM,0,0.0996,7.738
12/4/2021,4:30:00 AM,0,0.1012,7.762
12/4/2021,4:40:00 AM,0,0.1007,7.789
12/4/2021,4:50:00 AM,0,0.1015,7.817
12/4/2021,5:00:00 AM,0,0.1002,7.846
12/4/2021,5:10:00 AM,0,0.1007,7.878
12/4/2021,5:20:00 AM,0,0.1006,7.911
12/4/2021,5:30:00 AM,0,0.1009,7.945
12/4/2021,5:40:00 AM,0,0.1013,7.98
12/4/2021,5:50:00 AM,0,0.1007,8.015
12/4/2021,6:00:00 AM,0,0.1018,8.047
12/4/2021,6:10:00 AM,0,0.1012,8.081
12/4/2021,6:20:00 AM,0,0.0998,8.115
12/4/2021,6:30:00 AM,0,0.1016,8.149
12/4/2021,6:40:00 AM,0,0.1017,8.181
12/4/2021,6:50:00 AM,0,0.1006,8.212
12/4/2021,7:00:00 AM,0,0.1022,8.242
12/4/2021,7:10:00 AM,0,0.1013,8.269
12/4/2021,7:20:00 AM,0,0.102,8.298
12/4/2021,7:30:00 AM,0,0.1019,8.326
12/4/2021,7:40:00 AM,0,0.1018,8.353
12/4/2021,7:50:00 AM,0,0.1015,8.381
12/4/2021,8:00:00 AM,0,0.1015,8.407
12/4/2021,8:10:00 AM,0,0.1008,8.433
12/4/2021,8:20:00 AM,0,0.1013,8.46
12/4/2021,8:30:00 AM,0,0.1008,8.487
12/4/2021,8:40:00 AM,0,0.1005,8.513
12/4/2021,8:50:00 AM,0,0.1008,8.539
12/4/2021,9:00:00 AM,0,0.1024,8.563
12/4/2021,9:10:00 AM,0,0.1022,8.586
12/4/2021,9:20:00 AM,0,0.1014,8.61
12/4/2021,9:30:00 AM,0,0.1018,8.633
12/4/2021,9:40:00 AM,0,0.102,8.656
12/4/2021,9:50:00 AM,0,0.102,8.678
12/4/2021,10:00:00 AM,0,0.1022,8.701
12/4/2021,10:10:00 AM,0,0.102,8.721
12/4/2021,10:20:00 AM,0,0.1017,8.743
12/4/2021,10:30:00 AM,0,0.1022,8.765
12/4/2021,10:40:00 AM,0,0.1025,8.788
12/4/2021,10:50:00 AM,0,0.1023,8.81
12/4/2021,11:00:00 AM,0,0.1022,8.834
12/4/2021,11:10:00 AM,0,0.1035,8.859
12/4/2021,11:20:00 AM,0,0.1037,8.884
12/4/2021,11:30:00 AM,0,0.1043,8.91
12/4/2021,11:40:00 AM,0,0.1045,8.938
12/4/2021,11:50:00 AM,0,0.1051,8.965
12/4/2021,12:00:00 PM,0,0.1051,8.99
12/4/2021,12:10:00 PM,0,0.1064,9.014
12/4/2021,12:20:00 PM,0,0.1037,9.035
12/4/2021,12:30:00 PM,0,0.1041,9.055
12/4/2021,12:40:00 PM,0,0.1046,9.075
12/4/2021,12:50:00 PM,0,0.1054,9.093
12/4/2021,1:00:00 PM,0,0.1046,9.109
12/4/2021,1:10:00 PM,0,0.1054,9.124
12/4/2021,1:20:00 PM,0,0.1047,9.138
12/4/2021,1:30:00 PM,0,0.1051,9.151
12/4/2021,1:40:00 PM,0,0.1049,9.162
12/4/2021,1:50:00 PM,0,0.1055,9.174
12/4/2021,2:00:00 PM,0,0.107,9.186
12/4/2021,2:10:00 PM,0,0.1068,9.197
12/4/2021,2:20:00 PM,0,0.1073,9.208
12/4/2021,2:30:00 PM,0,0.1085,9.219
12/4/2021,2:40:00 PM,0,0.1089,9.23
12/4/2021,2:50:00 PM,0,0.1102,9.241
12/4/2021,3:00:00 PM,0,0.1105,9.252
12/4/2021,3:10:00 PM,0,0.11,9.264
12/4/2021,3:20:00 PM,0,0.1099,9.275
12/4/2021,3:30:00 PM,0,0.1101,9.286
12/4/2021,3:40:00 PM,0,0.1109,9.297
12/4/2021,3:50:00 PM,0,0.1108,9.308
12/4/2021,4:00:00 PM,0,0.1092,9.318
12/4/2021,4:10:00 PM,0,0.1094,9.328
12/4/2021,4:20:00 PM,0,0.1109,9.337
12/4/2021,4:30:00 PM,0,0.109,9.346
12/4/2021,4:40:00 PM,0,0.1088,9.355
12/4/2021,4:50:00 PM,0,0.1088,9.363
12/4/2021,5:00:00 PM,0,0.1094,9.37
12/4/2021,5:10:00 PM,0,0.1091,9.378
12/4/2021,5:20:00 PM,0,0.1102,9.386
12/4/2021,5:30:00 PM,0,0.1095,9.393
12/4/2021,5:40:00 PM,0,0.1102,9.401
12/4/2021,5:50:00 PM,0,0.1088,9.409
12/4/2021,6:00:00 PM,0,0.1106,9.416
12/4/2021,6:10:00 PM,0,0.1111,9.423
12/4/2021,6:20:00 PM,0,0.1106,9.431
12/4/2021,6:30:00 PM,0,0.1121,9.439
12/4/2021,6:40:00 PM,0,0.1114,9.446
12/4/2021,6:50:00 PM,0,0.1126,9.454
12/4/2021,7:00:00 PM,0,0.1124,9.461
12/4/2021,7:10:00 PM,0,0.1139,9.469
12/4/2021,7:20:00 PM,0,0.1138,9.478
12/4/2021,7:30:00 PM,0,0.115,9.486
12/4/2021,7:40:00 PM,0,0.1137,9.493
12/4/2021,7:50:00 PM,0,0.1144,9.499
12/4/2021,8:00:00 PM,0,0.1142,9.505
12/4/2021,8:10:00 PM,0,0.1145,9.511
12/4/2021,8:20:00 PM,0,0.1166,9.514
12/4/2021,8:30:00 PM,0,0.1141,9.514
12/4/2021,8:40:00 PM,0,0.1126,9.514
12/4/2021,8:50:00 PM,0,0.1125,9.513
12/4/2021,9:00:00 PM,0,0.1126,9.51
12/4/2021,9:10:00 PM,0,0.1111,9.504
12/4/2021,9:20:00 PM,0,0.1113,9.496
12/4/2021,9:30:00 PM,0,0.1102,9.485
12/4/2021,9:40:00 PM,0,0.1102,9.47
12/4/2021,9:50:00 PM,0,0.1079,9.455
12/4/2021,10:00:00 PM,0,0.1077,9.441
12/4/2021,10:10:00 PM,0,0.1071,9.424
12/4/2021,10:20:00 PM,0,0.1057,9.405
12/4/2021,10:30:00 PM,0,0.1083,9.383
12/4/2021,10:40:00 PM,0,0.1054,9.364
12/4/2021,10:50:00 PM,0,0.1042,9.343
12/4/2021,11:00:00 PM,0,0.1037,9.316
12/4/2021,11:10:00 PM,0,0.1025,9.285
12/4/2021,11:20:00 PM,0,0.1028,9.252
12/4/2021,11:30:00 PM,0,0.1009,9.219
12/4/2021,11:40:00 PM,0,0.101,9.186
12/4/2021,11:50:00 PM,0,0.0999,9.152
12/5/2021,12:00:00 AM,0,0.1002,9.115
12/5/2021,12:10:00 AM,0,0.1008,9.075
12/5/2021,12:20:00 AM,0,0.098,9.033
12/5/2021,12:30:00 AM,0,0.0992,8.99
12/5/2021,12:40:00 AM,0,0.0982,8.944
12/5/2021,12:50:00 AM,0,0.0971,8.898
12/5/2021,1:00:00 AM,0,0.0974,8.851
12/5/2021,1:10:00 AM,0,0.0971,8.804
12/5/2021,1:20:00 AM,0,0.0966,8.754
12/5/2021,1:30:00 AM,0,0.0959,8.704
12/5/2021,1:40:00 AM,0,0.0957,8.654
12/5/2021,1:50:00 AM,0,0.095,8.601
12/5/2021,2:00:00 AM,0,0.095,8.548
12/5/2021,2:10:00 AM,0,0.0955,8.495
12/5/2021,2:20:00 AM,0,0.0936,8.441
12/5/2021,2:30:00 AM,0,0.0941,8.39
12/5/2021,2:40:00 AM,0,0.0944,8.342
12/5/2021,2:50:00 AM,0,0.0938,8.296
12/5/2021,3:00:00 AM,0,0.0925,8.25
12/5/2021,3:10:00 AM,0,0.094,8.204
12/5/2021,3:20:00 AM,0,0.0933,8.156
12/5/2021,3:30:00 AM,0,0.0933,8.107
12/5/2021,3:40:00 AM,0,0.0927,8.059
12/5/2021,3:50:00 AM,0,0.0938,8.012
12/5/2021,4:00:00 AM,0,0.0922,7.968
12/5/2021,4:10:00 AM,0,0.0907,7.925
12/5/2021,4:20:00 AM,0,0.0903,7.885
12/5/2021,4:30:00 AM,0,0.0899,7.846
12/5/2021,4:40:00 AM,0,0.0915,7.807
12/5/2021,4:50:00 AM,0,0.0898,7.769
12/5/2021,5:00:00 AM,0,0.0897,7.732
12/5/2021,5:10:00 AM,0,0.0904,7.696
12/5/2021,5:20:00 AM,0,0.089,7.658
12/5/2021,5:30:00 AM,0,0.0895,7.625
12/5/2021,5:40:00 AM,0,0.0892,7.591
12/5/2021,5:50:00 AM,0,0.0883,7.562
12/5/2021,6:00:00 AM,0,0.0894,7.533
12/5/2021,6:10:00 AM,0,0.0898,7.506
12/5/2021,6:20:00 AM,0,0.0893,7.482
12/5/2021,6:30:00 AM,0,0.0884,7.458
12/5/2021,6:40:00 AM,0,0.0882,7.435
12/5/2021,6:50:00 AM,0,0.0886,7.412
12/5/2021,7:00:00 AM,0,0.087,7.39
12/5/2021,7:10:00 AM,0,0.0872,7.37
12/5/2021,7:20:00 AM,0,0.0876,7.346
12/5/2021,7:30:00 AM,0,0.0875,7.325
12/5/2021,7:40:00 AM,0,0.0878,7.304
12/5/2021,7:50:00 AM,0,0.0869,7.284
12/5/2021,8:00:00 AM,0,0.0875,7.265
12/5/2021,8:10:00 AM,0,0.0864,7.246
12/5/2021,8:20:00 AM,0,0.0865,7.23
12/5/2021,8:30:00 AM,0,0.0873,7.215
12/5/2021,8:40:00 AM,0,0.0877,7.2
12/5/2021,8:50:00 AM,0,0.0864,7.188
12/5/2021,9:00:00 AM,0,0.0863,7.174
12/5/2021,9:10:00 AM,0,0.0875,7.163
12/5/2021,9:20:00 AM,0,0.0863,7.153
12/5/2021,9:30:00 AM,0,0.0895,7.145
12/5/2021,9:40:00 AM,0,0.0868,7.141
12/5/2021,9:50:00 AM,0,0.0871,7.138
12/5/2021,10:00:00 AM,0,0.0879,7.137
12/5/2021,10:10:00 AM,0,0.0872,7.144
12/5/2021,10:20:00 AM,0,0.0873,7.159
12/5/2021,10:30:00 AM,0,0.0884,7.171
12/5/2021,10:40:00 AM,0,0.0876,7.184
12/5/2021,10:50:00 AM,0,0.0889,7.196
12/5/2021,11:00:00 AM,0,0.0894,7.208
12/5/2021,11:10:00 AM,0,0.0889,7.22
12/5/2021,11:20:00 AM,0,0.0896,7.226
12/5/2021,11:30:00 AM,0,0.0892,7.235
12/5/2021,11:40:00 AM,0,0.0913,7.258
12/5/2021,11:50:00 AM,0,0.0921,7.289
12/5/2021,12:00:00 PM,0,0.0927,7.327
12/5/2021,12:10:00 PM,0,0.0927,7.375
12/5/2021,12:20:00 PM,0,0.0949,7.426
12/5/2021,12:30:00 PM,0,0.0933,7.486
12/5/2021,12:40:00 PM,0,0.0925,7.55
12/5/2021,12:50:00 PM,0,0.0943,7.614
12/5/2021,1:00:00 PM,0,0.0936,7.673
12/5/2021,1:10:00 PM,0,0.0919,7.73
12/5/2021,1:20:00 PM,0,0.0905,7.786
12/5/2021,1:30:00 PM,0,0.089,7.836
12/5/2021,1:40:00 PM,0,0.0875,7.882
12/5/2021,1:50:00 PM,0,0.0926,7.928
12/5/2021,2:00:00 PM,0,0.0937,7.973
12/5/2021,2:10:00 PM,0,0.0931,8.013
12/5/2021,2:20:00 PM,0,0.0919,8.047
12/5/2021,2:30:00 PM,0,0.0928,8.078
12/5/2021,2:40:00 PM,0,0.0932,8.106
12/5/2021,2:50:00 PM,0,0.0934,8.13
12/5/2021,3:00:00 PM,0,0.0917,8.151
12/5/2021,3:10:00 PM,0,0.0931,8.169
12/5/2021,3:20:00 PM,0,0.0928,8.185
12/5/2021,3:30:00 PM,0,0.0903,8.199
12/5/2021,3:40:00 PM,0,0.0916,8.211
12/5/2021,3:50:00 PM,0,0.0915,8.22
12/5/2021,4:00:00 PM,0,0.0909,8.226
12/5/2021,4:10:00 PM,0,0.0918,8.231
12/5/2021,4:20:00 PM,0,0.0907,8.23
12/5/2021,4:30:00 PM,0,0.0919,8.228
12/5/2021,4:40:00 PM,0,0.091,8.225
12/5/2021,4:50:00 PM,0,0.0872,8.219
12/5/2021,5:00:00 PM,0,0.0904,8.211
12/5/2021,5:10:00 PM,0,0.091,8.203
12/5/2021,5:20:00 PM,0,0.0902,8.193
12/5/2021,5:30:00 PM,0,0.0895,8.181
12/5/2021,5:40:00 PM,0,0.0888,8.167
12/5/2021,5:50:00 PM,0,0.0883,8.153
12/5/2021,6:00:00 PM,0,0.0871,8.134
12/5/2021,6:10:00 PM,0,0.0871,8.114
12/5/2021,6:20:00 PM,0,0.0867,8.093
12/5/2021,6:30:00 PM,0,0.087,8.072
12/5/2021,6:40:00 PM,0,0.0878,8.051
12/5/2021,6:50:00 PM,0,0.0863,8.028
12/5/2021,7:00:00 PM,0,0.0864,8.006
12/5/2021,7:10:00 PM,0,0.0866,7.986
12/5/2021,7:20:00 PM,0,0.0871,7.966
12/5/2021,7:30:00 PM,0,0.0867,7.945
12/5/2021,7:40:00 PM,0,0.0864,7.923
12/5/2021,7:50:00 PM,0,0.0857,7.901
12/5/2021,8:00:00 PM,0,0.0866,7.88
12/5/2021,8:10:00 PM,0,0.0853,7.858
12/5/2021,8:20:00 PM,0,0.0842,7.836
12/5/2021,8:30:00 PM,0,0.0857,7.815
12/5/2021,8:40:00 PM,0,0.0869,7.798
12/5/2021,8:50:00 PM,0,0.0917,7.783
12/5/2021,9:00:00 PM,0,0.0855,7.765
12/5/2021,9:10:00 PM,0,0.0863,7.75
12/5/2021,9:20:00 PM,0,0.0854,7.737
12/5/2021,9:30:00 PM,0,0.0863,7.725
12/5/2021,9:40:00 PM,0,0.0859,7.714
12/5/2021,9:50:00 PM,0,0.0849,7.703
12/5/2021,10:00:00 PM,0,0.0856,7.695
12/5/2021,10:10:00 PM,0,0.0858,7.684
12/5/2021,10:20:00 PM,0,0.085,7.677
12/5/2021,10:30:00 PM,0,0.0855,7.668
12/5/2021,10:40:00 PM,0,0.0868,7.662
12/5/2021,10:50:00 PM,0,0.0863,7.657
12/5/2021,11:00:00 PM,0,0.0848,7.651
12/5/2021,11:10:00 PM,0,0.0865,7.644
12/5/2021,11:20:00 PM,0,0.0803,7.64
12/5/2021,11:30:00 PM,0,0.0862,7.638
12/5/2021,11:40:00 PM,0,0.0863,7.635
12/5/2021,11:50:00 PM,0,0.0889,7.635
12/6/2021,12:00:00 AM,0,0.0845,7.635
12/6/2021,12:10:00 AM,0,0.0861,7.636
12/6/2021,12:20:00 AM,0,0.0843,7.636
12/6/2021,12:30:00 AM,0,0.0866,7.639
12/6/2021,12:40:00 AM,0,0.0872,7.64
12/6/2021,12:50:00 AM,0,0.0718,7.644
12/6/2021,1:00:00 AM,0,0.0871,7.645
12/6/2021,1:10:00 AM,0,0.0886,7.649
12/6/2021,1:20:00 AM,0,0.0841,7.654
12/6/2021,1:30:00 AM,0,0.0866,7.659
12/6/2021,1:40:00 AM,0,0.0859,7.664
12/6/2021,1:50:00 AM,0,0.0863,7.672
12/6/2021,2:00:00 AM,0,0.0847,7.675
12/6/2021,2:10:00 AM,0,0.0837,7.68
12/6/2021,2:20:00 AM,0,0.0879,7.684
12/6/2021,2:30:00 AM,0,0.0867,7.687
12/6/2021,2:40:00 AM,0,0.0854,7.688
12/6/2021,2:50:00 AM,0,0.0841,7.691
12/6/2021,3:00:00 AM,0,0.0857,7.694
12/6/2021,3:10:00 AM,0,0.0852,7.695
12/6/2021,3:20:00 AM,0,0.0859,7.697
12/6/2021,3:30:00 AM,0,0.0876,7.7
12/6/2021,3:40:00 AM,0,0.0867,7.703
12/6/2021,3:50:00 AM,0,0.087,7.706
12/6/2021,4:00:00 AM,0,0.0871,7.708
12/6/2021,4:10:00 AM,0,0.0864,7.71
12/6/2021,4:20:00 AM,0,0.0881,7.711
12/6/2021,4:30:00 AM,0,0.0854,7.713
12/6/2021,4:40:00 AM,0,0.0869,7.715
12/6/2021,4:50:00 AM,0,0.0877,7.718
12/6/2021,5:00:00 AM,0,0.0876,7.721
12/6/2021,5:10:00 AM,0,0.0871,7.725
12/6/2021,5:20:00 AM,0,0.0874,7.728
12/6/2021,5:30:00 AM,0,0.0864,7.732
12/6/2021,5:40:00 AM,0,0.0861,7.736
12/6/2021,5:50:00 AM,0,0.0889,7.74
12/6/2021,6:00:00 AM,0,0.0861,7.745
12/6/2021,6:10:00 AM,0,0.0875,7.751
12/6/2021,6:20:00 AM,0,0.0882,7.756
12/6/2021,6:30:00 AM,0,0.0857,7.761
12/6/2021,6:40:00 AM,0,0.0874,7.765
12/6/2021,6:50:00 AM,0,0.0904,7.765
12/6/2021,7:00:00 AM,0,0.0893,7.762
12/6/2021,7:10:00 AM,0,0.0909,7.761
12/6/2021,7:20:00 AM,0,0.0901,7.766
12/6/2021,7:30:00 AM,0,0.0921,7.772
12/6/2021,7:40:00 AM,0,0.0939,7.778
12/6/2021,7:50:00 AM,0,0.0923,7.784
12/6/2021,8:00:00 AM,0,0.0943,7.79
12/6/2021,8:10:00 AM,0,0.0947,7.792
12/6/2021,8:20:00 AM,0,0.0928,7.792
12/6/2021,8:30:00 AM,0,0.0935,7.791
12/6/2021,8:40:00 AM,0,0.0956,7.794
12/6/2021,8:50:00 AM,0,0.0961,7.793
12/6/2021,9:00:00 AM,0,0.098,7.79
12/6/2021,9:10:00 AM,0,0.099,7.79
12/6/2021,9:20:00 AM,0,0.1008,7.795
12/6/2021,9:30:00 AM,0,0.1015,7.804
12/6/2021,9:40:00 AM,0,0.1044,7.813
12/6/2021,9:50:00 AM,0,0.1064,7.825
12/6/2021,10:00:00 AM,0,0.1067,7.839
12/6/2021,10:10:00 AM,0,0.1067,7.854
12/6/2021,10:20:00 AM,0,0.1051,7.869
12/6/2021,10:30:00 AM,0,0.1071,7.884
12/6/2021,10:40:00 AM,0,0.1074,7.897
12/6/2021,10:50:00 AM,0,0.1045,7.913
12/6/2021,11:00:00 AM,0,0.1031,7.932
12/6/2021,11:10:00 AM,0,0.105,7.951
12/6/2021,11:20:00 AM,0,0.1041,7.971
12/6/2021,11:30:00 AM,0,0.1076,7.99
12/6/2021,11:40:00 AM,0,0.1073,8.004
12/6/2021,11:50:00 AM,0,0.1062,8.017
12/6/2021,12:00:00 PM,0,0.111,8.032
12/6/2021,12:10:00 PM,0,0.1109,8.049
12/6/2021,12:20:00 PM,0,0.1147,8.064
12/6/2021,12:30:00 PM,0,0.1184,8.08
12/6/2021,12:40:00 PM,0,0.1222,8.099
12/6/2021,12:50:00 PM,0,0.1263,8.124
12/6/2021,1:00:00 PM,0,0.1309,8.155
12/6/2021,1:10:00 PM,0,0.1366,8.19
12/6/2021,1:20:00 PM,0,0.1375,8.223
12/6/2021,1:30:00 PM,0,0.141,8.258
12/6/2021,1:40:00 PM,0,0.1419,8.294
12/6/2021,1:50:00 PM,0,0.1415,8.332
12/6/2021,2:00:00 PM,0,0.1414,8.368
12/6/2021,2:10:00 PM,0,0.1406,8.402
12/6/2021,2:20:00 PM,0,0.1387,8.434
12/6/2021,2:30:00 PM,0,0.1369,8.465
12/6/2021,2:40:00 PM,0,0.1367,8.493
12/6/2021,2:50:00 PM,0,0.1355,8.519
12/6/2021,3:00:00 PM,0,0.1346,8.546
12/6/2021,3:10:00 PM,0,0.1339,8.571
12/6/2021,3:20:00 PM,0,0.1323,8.593
12/6/2021,3:30:00 PM,0,0.1308,8.616
12/6/2021,3:40:00 PM,0,0.1313,8.639
12/6/2021,3:50:00 PM,0,0.1302,8.662
12/6/2021,4:00:00 PM,0,0.1285,8.682
12/6/2021,4:10:00 PM,0,0.1289,8.702
12/6/2021,4:20:00 PM,0,0.1267,8.72
12/6/2021,4:30:00 PM,0,0.1269,8.738
12/6/2021,4:40:00 PM,0,0.1256,8.755
12/6/2021,4:50:00 PM,0,0.1248,8.769
12/6/2021,5:00:00 PM,0,0.1236,8.783
12/6/2021,5:10:00 PM,0,0.1237,8.797
12/6/2021,5:20:00 PM,0,0.1226,8.809
12/6/2021,5:30:00 PM,0,0.1224,8.821
12/6/2021,5:40:00 PM,0,0.1225,8.833
12/6/2021,5:50:00 PM,0,0.1224,8.842
12/6/2021,6:00:00 PM,0,0.1223,8.852
12/6/2021,6:10:00 PM,0,0.1213,8.861
12/6/2021,6:20:00 PM,0,0.1206,8.87
12/6/2021,6:30:00 PM,0,0.1199,8.879
12/6/2021,6:40:00 PM,0,0.1209,8.887
12/6/2021,6:50:00 PM,0,0.1208,8.895
12/6/2021,7:00:00 PM,0,0.12,8.903
12/6/2021,7:10:00 PM,0,0.12,8.911
12/6/2021,7:20:00 PM,0,0.1194,8.918
12/6/2021,7:30:00 PM,0,0.1192,8.926
12/6/2021,7:40:00 PM,0,0.1192,8.933
12/6/2021,7:50:00 PM,0,0.1197,8.94
12/6/2021,8:00:00 PM,0,0.1186,8.947
12/6/2021,8:10:00 PM,0,0.1196,8.955
12/6/2021,8:20:00 PM,0,0.1194,8.962
12/6/2021,8:30:00 PM,0,0.1191,8.97
12/6/2021,8:40:00 PM,0,0.1181,8.977
12/6/2021,8:50:00 PM,0,0.1179,8.985
12/6/2021,9:00:00 PM,0,0.1185,8.992
12/6/2021,9:10:00 PM,0,0.1183,8.999
12/6/2021,9:20:00 PM,0,0.1196,9.006
12/6/2021,9:30:00 PM,0,0.1187,9.013
12/6/2021,9:40:00 PM,0,0.1182,9.02
12/6/2021,9:50:00 PM,0,0.1178,9.027
12/6/2021,10:00:00 PM,0,0.1179,9.033
12/6/2021,10:10:00 PM,0,0.1172,9.04
12/6/2021,10:20:00 PM,0,0.117,9.047
12/6/2021,10:30:00 PM,0,0.1175,9.054
12/6/2021,10:40:00 PM,0,0.1178,9.06
12/6/2021,10:50:00 PM,0,0.1172,9.067
12/6/2021,11:00:00 PM,0,0.1166,9.073
12/6/2021,11:10:00 PM,0,0.1172,9.08
12/6/2021,11:20:00 PM,0,0.1173,9.086
12/6/2021,11:30:00 PM,0,0.117,9.093
12/6/2021,11:40:00 PM,0,0.1162,9.099
12/6/2021,11:50:00 PM,0,0.1177,9.106
12/7/2021,12:00:00 AM,0,0.1172,9.112
12/7/2021,12:10:00 AM,0,0.1164,9.119
12/7/2021,12:20:00 AM,0,0.1162,9.126
12/7/2021,12:30:00 AM,0,0.1171,9.132
12/7/2021,12:40:00 AM,0,0.1171,9.138
12/7/2021,12:50:00 AM,0,0.1177,9.144
12/7/2021,1:00:00 AM,0,0.117,9.15
12/7/2021,1:10:00 AM,0,0.1175,9.156
12/7/2021,1:20:00 AM,0,0.117,9.162
12/7/2021,1:30:00 AM,0,0.1167,9.168
12/7/2021,1:40:00 AM,0,0.1174,9.174
12/7/2021,1:50:00 AM,0,0.1172,9.179
12/7/2021,2:00:00 AM,0,0.1174,9.184
12/7/2021,2:10:00 AM,0,0.1172,9.19
12/7/2021,2:20:00 AM,0,0.1168,9.196
12/7/2021,2:30:00 AM,0,0.1177,9.201
12/7/2021,2:40:00 AM,0,0.1176,9.207
12/7/2021,2:50:00 AM,0,0.1184,9.211
12/7/2021,3:00:00 AM,0,0.1181,9.216
12/7/2021,3:10:00 AM,0,0.1174,9.221
12/7/2021,3:20:00 AM,0,0.1179,9.226
12/7/2021,3:30:00 AM,0,0.1172,9.231
12/7/2021,3:40:00 AM,0,0.1179,9.237
12/7/2021,3:50:00 AM,0,0.1176,9.242
12/7/2021,4:00:00 AM,0,0.1183,9.247
12/7/2021,4:10:00 AM,0,0.1178,9.252
12/7/2021,4:20:00 AM,0,0.1181,9.257
12/7/2021,4:30:00 AM,0,0.1169,9.262
12/7/2021,4:40:00 AM,0,0.1178,9.267
12/7/2021,4:50:00 AM,0,0.118,9.273
12/7/2021,5:00:00 AM,0,0.1177,9.278
12/7/2021,5:10:00 AM,0,0.1182,9.284
12/7/2021,5:20:00 AM,0,0.1176,9.289
12/7/2021,5:30:00 AM,0,0.1169,9.295
12/7/2021,5:40:00 AM,0,0.1182,9.3
12/7/2021,5:50:00 AM,0,0.1178,9.307
12/7/2021,6:00:00 AM,0,0.1174,9.313
12/7/2021,6:10:00 AM,0,0.1184,9.319
12/7/2021,6:20:00 AM,0,0.1178,9.325
12/7/2021,6:30:00 AM,0,0.1178,9.331
12/7/2021,6:40:00 AM,0,0.1183,9.337
12/7/2021,6:50:00 AM,0,0.1175,9.343
12/7/2021,7:00:00 AM,0,0.1183,9.348
12/7/2021,7:10:00 AM,0,0.1171,9.354
12/7/2021,7:20:00 AM,0,0.1176,9.36
12/7/2021,7:30:00 AM,0,0.1185,9.366
12/7/2021,7:40:00 AM,0,0.1185,9.371
12/7/2021,7:50:00 AM,0,0.1184,9.376
12/7/2021,8:00:00 AM,0,0.1175,9.383
12/7/2021,8:10:00 AM,0,0.1189,9.39
12/7/2021,8:20:00 AM,0,0.1172,9.398
12/7/2021,8:30:00 AM,0,0.1183,9.408
12/7/2021,8:40:00 AM,0,0.1185,9.417
12/7/2021,8:50:00 AM,0,0.1194,9.427
12/7/2021,9:00:00 AM,0,0.1188,9.438
12/7/2021,9:10:00 AM,0,0.1192,9.451
12/7/2021,9:20:00 AM,0,0.1187,9.466
12/7/2021,9:30:00 AM,0,0.1203,9.483
12/7/2021,9:40:00 AM,0,0.1202,9.501
12/7/2021,9:50:00 AM,0,0.1196,9.52
12/7/2021,10:00:00 AM,0,0.1196,9.54
12/7/2021,10:10:00 AM,0,0.1193,9.563
12/7/2021,10:20:00 AM,0,0.1198,9.584
12/7/2021,10:30:00 AM,0,0.1197,9.608
12/7/2021,10:40:00 AM,0,0.1195,9.629
12/7/2021,10:50:00 AM,0,0.1202,9.655
12/7/2021,11:00:00 AM,0,0.1222,9.68
12/7/2021,11:10:00 AM,0,0.1203,9.707
12/7/2021,11:20:00 AM,0,0.1208,9.735
12/7/2021,11:30:00 AM,0,0.1215,9.756
12/7/2021,11:40:00 AM,0,0.1197,9.778
12/7/2021,11:50:00 AM,0,0.1216,9.799
12/7/2021,12:00:00 PM,0,0.1203,9.821
12/7/2021,12:10:00 PM,0,0.1212,9.843
12/7/2021,12:20:00 PM,0,0.121,9.865
12/7/2021,12:30:00 PM,0,0.1197,9.887
12/7/2021,12:40:00 PM,0,0.1208,9.91
12/7/2021,12:50:00 PM,0,0.1213,9.93
12/7/2021,1:00:00 PM,0,0.1205,9.947
12/7/2021,1:10:00 PM,0,0.1217,9.96
12/7/2021,1:20:00 PM,0,0.1213,9.976
12/7/2021,1:30:00 PM,0,0.1215,9.99
12/7/2021,1:40:00 PM,0,0.1208,10.002
12/7/2021,1:50:00 PM,0,0.1212,10.014
12/7/2021,2:00:00 PM,0,0.1239,10.025
12/7/2021,2:10:00 PM,0,0.1181,10.034
12/7/2021,2:20:00 PM,0,0.1155,10.041
12/7/2021,2:30:00 PM,0,0.113,10.047
12/7/2021,2:40:00 PM,0,0.1086,10.051
12/7/2021,2:50:00 PM,0,0.1049,10.053
12/7/2021,3:00:00 PM,0,0.1019,10.055
12/7/2021,3:10:00 PM,0,0.1008,10.057
12/7/2021,3:20:00 PM,0,0.0988,10.059
12/7/2021,3:30:00 PM,0,0.0962,10.059
12/7/2021,3:40:00 PM,0,0.0933,10.059
12/7/2021,3:50:00 PM,0,0.0914,10.057
12/7/2021,4:00:00 PM,0,0.0875,10.054
12/7/2021,4:10:00 PM,0,0.0838,10.05
12/7/2021,4:20:00 PM,0,0.079,10.045
12/7/2021,4:30:00 PM,0,0.0766,10.041
12/7/2021,4:40:00 PM,0,0.0747,10.035
12/7/2021,4:50:00 PM,0,0.0717,10.029
